seq_id,subject,activity,trial,start_frame,label
0,1,1,1,0,1
1,1,1,1,15,1
2,1,1,1,30,1
3,1,1,1,45,1
4,1,1,1,60,1
5,1,1,1,75,1
6,1,1,1,90,1
7,1,1,1,105,1
8,1,1,1,120,1
9,1,1,1,135,1
10,1,1,1,150,1
11,1,1,1,165,1
12,1,1,2,0,1
13,1,1,2,15,1
14,1,1,2,30,1
15,1,1,2,45,1
16,1,1,2,60,1
17,1,1,2,75,1
18,1,1,2,90,1
19,1,1,2,105,1
20,1,1,2,120,1
21,1,1,2,135,1
22,1,1,2,150,1
23,1,1,3,0,1
24,1,1,3,15,1
25,1,1,3,30,1
26,1,1,3,45,1
27,1,1,3,60,1
28,1,1,3,75,1
29,1,1,3,90,1
30,1,1,3,105,1
31,1,1,3,120,1
32,1,1,3,135,1
33,1,1,3,150,1
34,1,10,1,0,0
35,1,10,1,15,0
36,1,10,1,30,0
37,1,10,1,45,0
38,1,10,1,60,0
39,1,10,1,75,0
40,1,10,1,90,0
41,1,10,1,105,0
42,1,10,1,120,0
43,1,10,1,135,0
44,1,10,1,150,0
45,1,10,1,165,0
46,1,10,1,180,0
47,1,10,1,195,0
48,1,10,1,210,0
49,1,10,1,225,0
50,1,10,1,240,0
51,1,10,1,255,0
52,1,10,1,270,0
53,1,10,1,285,0
54,1,10,1,300,0
55,1,10,1,315,0
56,1,10,1,330,0
57,1,10,1,345,0
58,1,10,1,360,0
59,1,10,1,375,0
60,1,10,1,390,0
61,1,10,1,405,0
62,1,10,1,420,0
63,1,10,1,435,0
64,1,10,1,450,0
65,1,10,1,465,0
66,1,10,1,480,0
67,1,10,1,495,0
68,1,10,2,0,0
69,1,10,2,15,0
70,1,10,2,30,0
71,1,10,2,45,0
72,1,10,2,60,0
73,1,10,2,75,0
74,1,10,2,90,0
75,1,10,2,105,0
76,1,10,2,120,0
77,1,10,2,135,0
78,1,10,2,150,0
79,1,10,2,165,0
80,1,10,2,180,0
81,1,10,2,195,0
82,1,10,2,210,0
83,1,10,2,225,0
84,1,10,2,240,0
85,1,10,2,255,0
86,1,10,2,270,0
87,1,10,2,285,0
88,1,10,2,300,0
89,1,10,2,315,0
90,1,10,2,330,0
91,1,10,2,345,0
92,1,10,2,360,0
93,1,10,2,375,0
94,1,10,2,390,0
95,1,10,2,405,0
96,1,10,2,420,0
97,1,10,2,435,0
98,1,10,2,450,0
99,1,10,2,465,0
100,1,10,2,480,0
101,1,10,2,495,0
102,1,10,3,0,0
103,1,10,3,15,0
104,1,10,3,30,0
105,1,10,3,45,0
106,1,10,3,60,0
107,1,10,3,75,0
108,1,10,3,90,0
109,1,10,3,105,0
110,1,10,3,120,0
111,1,10,3,135,0
112,1,10,3,150,0
113,1,10,3,165,0
114,1,10,3,180,0
115,1,10,3,195,0
116,1,10,3,210,0
117,1,10,3,225,0
118,1,10,3,240,0
119,1,10,3,255,0
120,1,10,3,270,0
121,1,10,3,285,0
122,1,10,3,300,0
123,1,10,3,315,0
124,1,10,3,330,0
125,1,10,3,345,0
126,1,10,3,360,0
127,1,10,3,375,0
128,1,10,3,390,0
129,1,10,3,405,0
130,1,10,3,420,0
131,1,10,3,435,0
132,1,10,3,450,0
133,1,10,3,465,0
134,1,11,1,0,0
135,1,11,1,15,0
136,1,11,1,30,0
137,1,11,1,45,0
138,1,11,1,60,0
139,1,11,1,75,0
140,1,11,1,90,0
141,1,11,1,105,0
142,1,11,1,120,0
143,1,11,1,135,0
144,1,11,1,150,0
145,1,11,1,165,0
146,1,11,1,180,0
147,1,11,1,195,0
148,1,11,1,210,0
149,1,11,1,225,0
150,1,11,1,240,0
151,1,11,1,255,0
152,1,11,1,270,0
153,1,11,1,285,0
154,1,11,1,300,0
155,1,11,1,315,0
156,1,11,1,330,0
157,1,11,1,345,0
158,1,11,1,360,0
159,1,11,1,375,0
160,1,11,1,390,0
161,1,11,1,405,0
162,1,11,1,420,0
163,1,11,1,435,0
164,1,11,1,450,0
165,1,11,1,465,0
166,1,11,1,480,0
167,1,11,1,495,0
168,1,11,1,510,0
169,1,11,1,525,0
170,1,11,1,540,0
171,1,11,1,555,0
172,1,11,1,570,0
173,1,11,1,585,0
174,1,11,1,600,0
175,1,11,1,615,0
176,1,11,1,630,0
177,1,11,1,645,0
178,1,11,1,660,0
179,1,11,1,675,0
180,1,11,1,690,0
181,1,11,1,705,0
182,1,11,1,720,0
183,1,11,1,735,0
184,1,11,1,750,0
185,1,11,1,765,0
186,1,11,1,780,0
187,1,11,1,795,0
188,1,11,1,810,0
189,1,11,1,825,0
190,1,11,1,840,0
191,1,11,1,855,0
192,1,11,1,870,0
193,1,11,1,885,0
194,1,11,1,900,0
195,1,11,1,915,0
196,1,11,1,930,0
197,1,11,1,945,0
198,1,11,1,960,0
199,1,11,1,975,0
200,1,11,1,990,0
201,1,11,1,1005,0
202,1,11,1,1020,0
203,1,11,2,0,0
204,1,11,2,15,0
205,1,11,2,30,0
206,1,11,2,45,0
207,1,11,2,60,0
208,1,11,2,75,0
209,1,11,2,90,0
210,1,11,2,105,0
211,1,11,2,120,0
212,1,11,2,135,0
213,1,11,2,150,0
214,1,11,2,165,0
215,1,11,2,180,0
216,1,11,2,195,0
217,1,11,2,210,0
218,1,11,2,225,0
219,1,11,2,240,0
220,1,11,2,255,0
221,1,11,2,270,0
222,1,11,2,285,0
223,1,11,2,300,0
224,1,11,2,315,0
225,1,11,2,330,0
226,1,11,2,345,0
227,1,11,2,360,0
228,1,11,2,375,0
229,1,11,2,390,0
230,1,11,2,405,0
231,1,11,2,420,0
232,1,11,2,435,0
233,1,11,2,450,0
234,1,11,2,465,0
235,1,11,2,480,0
236,1,11,2,495,0
237,1,11,2,510,0
238,1,11,2,525,0
239,1,11,2,540,0
240,1,11,2,555,0
241,1,11,2,570,0
242,1,11,2,585,0
243,1,11,2,600,0
244,1,11,2,615,0
245,1,11,2,630,0
246,1,11,2,645,0
247,1,11,2,660,0
248,1,11,2,675,0
249,1,11,2,690,0
250,1,11,2,705,0
251,1,11,2,720,0
252,1,11,2,735,0
253,1,11,2,750,0
254,1,11,2,765,0
255,1,11,2,780,0
256,1,11,2,795,0
257,1,11,2,810,0
258,1,11,2,825,0
259,1,11,2,840,0
260,1,11,2,855,0
261,1,11,2,870,0
262,1,11,2,885,0
263,1,11,2,900,0
264,1,11,2,915,0
265,1,11,2,930,0
266,1,11,2,945,0
267,1,11,2,960,0
268,1,11,2,975,0
269,1,11,2,990,0
270,1,11,2,1005,0
271,1,11,3,0,0
272,1,11,3,15,0
273,1,11,3,30,0
274,1,11,3,45,0
275,1,11,3,60,0
276,1,11,3,75,0
277,1,11,3,90,0
278,1,11,3,105,0
279,1,11,3,120,0
280,1,11,3,135,0
281,1,11,3,150,0
282,1,11,3,165,0
283,1,11,3,180,0
284,1,11,3,195,0
285,1,11,3,210,0
286,1,11,3,225,0
287,1,11,3,240,0
288,1,11,3,255,0
289,1,11,3,270,0
290,1,11,3,285,0
291,1,11,3,300,0
292,1,11,3,315,0
293,1,11,3,330,0
294,1,11,3,345,0
295,1,11,3,360,0
296,1,11,3,375,0
297,1,11,3,390,0
298,1,11,3,405,0
299,1,11,3,420,0
300,1,11,3,435,0
301,1,11,3,450,0
302,1,11,3,465,0
303,1,11,3,480,0
304,1,11,3,495,0
305,1,11,3,510,0
306,1,11,3,525,0
307,1,11,3,540,0
308,1,11,3,555,0
309,1,11,3,570,0
310,1,11,3,585,0
311,1,11,3,600,0
312,1,11,3,615,0
313,1,11,3,630,0
314,1,11,3,645,0
315,1,11,3,660,0
316,1,11,3,675,0
317,1,11,3,690,0
318,1,11,3,705,0
319,1,11,3,720,0
320,1,11,3,735,0
321,1,11,3,750,0
322,1,11,3,765,0
323,1,11,3,780,0
324,1,11,3,795,0
325,1,11,3,810,0
326,1,11,3,825,0
327,1,11,3,840,0
328,1,11,3,855,0
329,1,11,3,870,0
330,1,11,3,885,0
331,1,11,3,900,0
332,1,11,3,915,0
333,1,11,3,930,0
334,1,11,3,945,0
335,1,11,3,960,0
336,1,11,3,975,0
337,1,2,1,0,1
338,1,2,1,15,1
339,1,2,1,30,1
340,1,2,1,45,1
341,1,2,1,60,1
342,1,2,1,75,1
343,1,2,1,90,1
344,1,2,1,105,1
345,1,2,1,120,1
346,1,2,2,0,1
347,1,2,2,15,1
348,1,2,2,30,1
349,1,2,2,45,1
350,1,2,2,60,1
351,1,2,2,75,1
352,1,2,2,90,1
353,1,2,2,105,1
354,1,2,2,120,1
355,1,2,2,135,1
356,1,2,2,150,1
357,1,2,2,165,1
358,1,2,3,0,1
359,1,2,3,15,1
360,1,2,3,30,1
361,1,2,3,45,1
362,1,2,3,60,1
363,1,2,3,75,1
364,1,2,3,90,1
365,1,2,3,105,1
366,1,2,3,120,1
367,1,2,3,135,1
368,1,2,3,150,1
369,1,3,1,0,1
370,1,3,1,15,1
371,1,3,1,30,1
372,1,3,1,45,1
373,1,3,1,60,1
374,1,3,1,75,1
375,1,3,1,90,1
376,1,3,1,105,1
377,1,3,1,120,1
378,1,3,1,135,1
379,1,3,1,150,1
380,1,3,2,0,1
381,1,3,2,15,1
382,1,3,2,30,1
383,1,3,2,45,1
384,1,3,2,60,1
385,1,3,2,75,1
386,1,3,2,90,1
387,1,3,2,105,1
388,1,3,2,120,1
389,1,3,2,135,1
390,1,3,2,150,1
391,1,3,3,0,1
392,1,3,3,15,1
393,1,3,3,30,1
394,1,3,3,45,1
395,1,3,3,60,1
396,1,3,3,75,1
397,1,3,3,90,1
398,1,3,3,105,1
399,1,3,3,120,1
400,1,3,3,135,1
401,1,3,3,150,1
402,1,4,1,0,1
403,1,4,1,15,1
404,1,4,1,30,1
405,1,4,1,45,1
406,1,4,1,60,1
407,1,4,1,75,1
408,1,4,1,90,1
409,1,4,1,105,1
410,1,4,1,120,1
411,1,4,1,135,1
412,1,4,1,150,1
413,1,4,2,0,1
414,1,4,2,15,1
415,1,4,2,30,1
416,1,4,2,45,1
417,1,4,2,60,1
418,1,4,2,75,1
419,1,4,2,90,1
420,1,4,2,105,1
421,1,4,2,120,1
422,1,4,2,135,1
423,1,4,2,150,1
424,1,4,3,0,1
425,1,4,3,15,1
426,1,4,3,30,1
427,1,4,3,45,1
428,1,4,3,60,1
429,1,4,3,75,1
430,1,4,3,90,1
431,1,4,3,105,1
432,1,4,3,120,1
433,1,4,3,135,1
434,1,4,3,150,1
435,1,5,1,0,1
436,1,5,1,15,1
437,1,5,1,30,1
438,1,5,1,45,1
439,1,5,1,60,1
440,1,5,1,75,1
441,1,5,1,90,1
442,1,5,1,105,1
443,1,5,1,120,1
444,1,5,1,135,1
445,1,5,1,150,1
446,1,5,2,0,1
447,1,5,2,15,1
448,1,5,2,30,1
449,1,5,2,45,1
450,1,5,2,60,1
451,1,5,2,75,1
452,1,5,2,90,1
453,1,5,2,105,1
454,1,5,2,120,1
455,1,5,2,135,1
456,1,5,2,150,1
457,1,5,3,0,1
458,1,5,3,15,1
459,1,5,3,30,1
460,1,5,3,45,1
461,1,5,3,60,1
462,1,5,3,75,1
463,1,5,3,90,1
464,1,5,3,105,1
465,1,5,3,120,1
466,1,5,3,135,1
467,1,5,3,150,1
468,1,6,1,0,0
469,1,6,1,15,0
470,1,6,1,30,0
471,1,6,1,45,0
472,1,6,1,60,0
473,1,6,1,75,0
474,1,6,1,90,0
475,1,6,1,105,0
476,1,6,1,120,0
477,1,6,1,135,0
478,1,6,1,150,0
479,1,6,1,165,0
480,1,6,1,180,0
481,1,6,1,195,0
482,1,6,1,210,0
483,1,6,1,225,0
484,1,6,1,240,0
485,1,6,1,255,0
486,1,6,1,270,0
487,1,6,1,285,0
488,1,6,1,300,0
489,1,6,1,315,0
490,1,6,1,330,0
491,1,6,1,345,0
492,1,6,1,360,0
493,1,6,1,375,0
494,1,6,1,390,0
495,1,6,1,405,0
496,1,6,1,420,0
497,1,6,1,435,0
498,1,6,1,450,0
499,1,6,1,465,0
500,1,6,1,480,0
501,1,6,1,495,0
502,1,6,1,510,0
503,1,6,1,525,0
504,1,6,1,540,0
505,1,6,1,555,0
506,1,6,1,570,0
507,1,6,1,585,0
508,1,6,1,600,0
509,1,6,1,615,0
510,1,6,1,630,0
511,1,6,1,645,0
512,1,6,1,660,0
513,1,6,1,675,0
514,1,6,1,690,0
515,1,6,1,705,0
516,1,6,1,720,0
517,1,6,1,735,0
518,1,6,1,750,0
519,1,6,1,765,0
520,1,6,1,780,0
521,1,6,1,795,0
522,1,6,1,810,0
523,1,6,1,825,0
524,1,6,1,840,0
525,1,6,1,855,0
526,1,6,1,870,0
527,1,6,1,885,0
528,1,6,1,900,0
529,1,6,1,915,0
530,1,6,1,930,0
531,1,6,1,945,0
532,1,6,1,960,0
533,1,6,1,975,0
534,1,6,1,990,0
535,1,6,1,1005,0
536,1,6,1,1020,0
537,1,6,1,1035,0
538,1,6,1,1050,0
539,1,6,1,1065,0
540,1,6,1,1080,0
541,1,6,1,1095,0
542,1,6,2,0,0
543,1,6,2,15,0
544,1,6,2,30,0
545,1,6,2,45,0
546,1,6,2,60,0
547,1,6,2,75,0
548,1,6,2,90,0
549,1,6,2,105,0
550,1,6,2,120,0
551,1,6,2,135,0
552,1,6,2,150,0
553,1,6,2,165,0
554,1,6,2,180,0
555,1,6,2,195,0
556,1,6,2,210,0
557,1,6,2,225,0
558,1,6,2,240,0
559,1,6,2,255,0
560,1,6,2,270,0
561,1,6,2,285,0
562,1,6,2,300,0
563,1,6,2,315,0
564,1,6,2,330,0
565,1,6,2,345,0
566,1,6,2,360,0
567,1,6,2,375,0
568,1,6,2,390,0
569,1,6,2,405,0
570,1,6,2,420,0
571,1,6,2,435,0
572,1,6,2,450,0
573,1,6,2,465,0
574,1,6,2,480,0
575,1,6,2,495,0
576,1,6,2,510,0
577,1,6,2,525,0
578,1,6,2,540,0
579,1,6,2,555,0
580,1,6,2,570,0
581,1,6,2,585,0
582,1,6,2,600,0
583,1,6,2,615,0
584,1,6,2,630,0
585,1,6,2,645,0
586,1,6,2,660,0
587,1,6,2,675,0
588,1,6,2,690,0
589,1,6,2,705,0
590,1,6,2,720,0
591,1,6,2,735,0
592,1,6,2,750,0
593,1,6,2,765,0
594,1,6,2,780,0
595,1,6,2,795,0
596,1,6,2,810,0
597,1,6,2,825,0
598,1,6,2,840,0
599,1,6,2,855,0
600,1,6,2,870,0
601,1,6,2,885,0
602,1,6,2,900,0
603,1,6,2,915,0
604,1,6,2,930,0
605,1,6,2,945,0
606,1,6,2,960,0
607,1,6,2,975,0
608,1,6,2,990,0
609,1,6,2,1005,0
610,1,6,2,1020,0
611,1,6,2,1035,0
612,1,6,2,1050,0
613,1,6,2,1065,0
614,1,6,2,1080,0
615,1,6,3,0,0
616,1,6,3,15,0
617,1,6,3,30,0
618,1,6,3,45,0
619,1,6,3,60,0
620,1,6,3,75,0
621,1,6,3,90,0
622,1,6,3,105,0
623,1,6,3,120,0
624,1,6,3,135,0
625,1,6,3,150,0
626,1,6,3,165,0
627,1,6,3,180,0
628,1,6,3,195,0
629,1,6,3,210,0
630,1,6,3,225,0
631,1,6,3,240,0
632,1,6,3,255,0
633,1,6,3,270,0
634,1,6,3,285,0
635,1,6,3,300,0
636,1,6,3,315,0
637,1,6,3,330,0
638,1,6,3,345,0
639,1,6,3,360,0
640,1,6,3,375,0
641,1,6,3,390,0
642,1,6,3,405,0
643,1,6,3,420,0
644,1,6,3,435,0
645,1,6,3,450,0
646,1,6,3,465,0
647,1,6,3,480,0
648,1,6,3,495,0
649,1,6,3,510,0
650,1,6,3,525,0
651,1,6,3,540,0
652,1,6,3,555,0
653,1,6,3,570,0
654,1,6,3,585,0
655,1,6,3,600,0
656,1,6,3,615,0
657,1,6,3,630,0
658,1,6,3,645,0
659,1,6,3,660,0
660,1,6,3,675,0
661,1,6,3,690,0
662,1,6,3,705,0
663,1,6,3,720,0
664,1,6,3,735,0
665,1,6,3,750,0
666,1,6,3,765,0
667,1,6,3,780,0
668,1,6,3,795,0
669,1,6,3,810,0
670,1,6,3,825,0
671,1,6,3,840,0
672,1,6,3,855,0
673,1,6,3,870,0
674,1,6,3,885,0
675,1,6,3,900,0
676,1,6,3,915,0
677,1,6,3,930,0
678,1,6,3,945,0
679,1,6,3,960,0
680,1,6,3,975,0
681,1,6,3,990,0
682,1,6,3,1005,0
683,1,6,3,1020,0
684,1,6,3,1035,0
685,1,6,3,1050,0
686,1,6,3,1065,0
687,1,6,3,1080,0
688,1,7,1,0,0
689,1,7,1,15,0
690,1,7,1,30,0
691,1,7,1,45,0
692,1,7,1,60,0
693,1,7,1,75,0
694,1,7,1,90,0
695,1,7,1,105,0
696,1,7,1,120,0
697,1,7,1,135,0
698,1,7,1,150,0
699,1,7,1,165,0
700,1,7,1,180,0
701,1,7,1,195,0
702,1,7,1,210,0
703,1,7,1,225,0
704,1,7,1,240,0
705,1,7,1,255,0
706,1,7,1,270,0
707,1,7,1,285,0
708,1,7,1,300,0
709,1,7,1,315,0
710,1,7,1,330,0
711,1,7,1,345,0
712,1,7,1,360,0
713,1,7,1,375,0
714,1,7,1,390,0
715,1,7,1,405,0
716,1,7,1,420,0
717,1,7,1,435,0
718,1,7,1,450,0
719,1,7,1,465,0
720,1,7,1,480,0
721,1,7,1,495,0
722,1,7,1,510,0
723,1,7,1,525,0
724,1,7,1,540,0
725,1,7,1,555,0
726,1,7,1,570,0
727,1,7,1,585,0
728,1,7,1,600,0
729,1,7,1,615,0
730,1,7,1,630,0
731,1,7,1,645,0
732,1,7,1,660,0
733,1,7,1,675,0
734,1,7,1,690,0
735,1,7,1,705,0
736,1,7,1,720,0
737,1,7,1,735,0
738,1,7,1,750,0
739,1,7,1,765,0
740,1,7,1,780,0
741,1,7,1,795,0
742,1,7,1,810,0
743,1,7,1,825,0
744,1,7,1,840,0
745,1,7,1,855,0
746,1,7,1,870,0
747,1,7,1,885,0
748,1,7,1,900,0
749,1,7,1,915,0
750,1,7,1,930,0
751,1,7,1,945,0
752,1,7,1,960,0
753,1,7,1,975,0
754,1,7,1,990,0
755,1,7,1,1005,0
756,1,7,1,1020,0
757,1,7,1,1035,0
758,1,7,1,1050,0
759,1,7,1,1065,0
760,1,7,1,1080,0
761,1,7,2,0,0
762,1,7,2,15,0
763,1,7,2,30,0
764,1,7,2,45,0
765,1,7,2,60,0
766,1,7,2,75,0
767,1,7,2,90,0
768,1,7,2,105,0
769,1,7,2,120,0
770,1,7,2,135,0
771,1,7,2,150,0
772,1,7,2,165,0
773,1,7,2,180,0
774,1,7,2,195,0
775,1,7,2,210,0
776,1,7,2,225,0
777,1,7,2,240,0
778,1,7,2,255,0
779,1,7,2,270,0
780,1,7,2,285,0
781,1,7,2,300,0
782,1,7,2,315,0
783,1,7,2,330,0
784,1,7,2,345,0
785,1,7,2,360,0
786,1,7,2,375,0
787,1,7,2,390,0
788,1,7,2,405,0
789,1,7,2,420,0
790,1,7,2,435,0
791,1,7,2,450,0
792,1,7,2,465,0
793,1,7,2,480,0
794,1,7,2,495,0
795,1,7,2,510,0
796,1,7,2,525,0
797,1,7,2,540,0
798,1,7,2,555,0
799,1,7,2,570,0
800,1,7,2,585,0
801,1,7,2,600,0
802,1,7,2,615,0
803,1,7,2,630,0
804,1,7,2,645,0
805,1,7,2,660,0
806,1,7,2,675,0
807,1,7,2,690,0
808,1,7,2,705,0
809,1,7,2,720,0
810,1,7,2,735,0
811,1,7,2,750,0
812,1,7,2,765,0
813,1,7,2,780,0
814,1,7,2,795,0
815,1,7,2,810,0
816,1,7,2,825,0
817,1,7,2,840,0
818,1,7,2,855,0
819,1,7,2,870,0
820,1,7,2,885,0
821,1,7,2,900,0
822,1,7,2,915,0
823,1,7,2,930,0
824,1,7,2,945,0
825,1,7,2,960,0
826,1,7,2,975,0
827,1,7,2,990,0
828,1,7,2,1005,0
829,1,7,2,1020,0
830,1,7,2,1035,0
831,1,7,2,1050,0
832,1,7,2,1065,0
833,1,7,3,0,0
834,1,7,3,15,0
835,1,7,3,30,0
836,1,7,3,45,0
837,1,7,3,60,0
838,1,7,3,75,0
839,1,7,3,90,0
840,1,7,3,105,0
841,1,7,3,120,0
842,1,7,3,135,0
843,1,7,3,150,0
844,1,7,3,165,0
845,1,7,3,180,0
846,1,7,3,195,0
847,1,7,3,210,0
848,1,7,3,225,0
849,1,7,3,240,0
850,1,7,3,255,0
851,1,7,3,270,0
852,1,7,3,285,0
853,1,7,3,300,0
854,1,7,3,315,0
855,1,7,3,330,0
856,1,7,3,345,0
857,1,7,3,360,0
858,1,7,3,375,0
859,1,7,3,390,0
860,1,7,3,405,0
861,1,7,3,420,0
862,1,7,3,435,0
863,1,7,3,450,0
864,1,7,3,465,0
865,1,7,3,480,0
866,1,7,3,495,0
867,1,7,3,510,0
868,1,7,3,525,0
869,1,7,3,540,0
870,1,7,3,555,0
871,1,7,3,570,0
872,1,7,3,585,0
873,1,7,3,600,0
874,1,7,3,615,0
875,1,7,3,630,0
876,1,7,3,645,0
877,1,7,3,660,0
878,1,7,3,675,0
879,1,7,3,690,0
880,1,7,3,705,0
881,1,7,3,720,0
882,1,7,3,735,0
883,1,7,3,750,0
884,1,7,3,765,0
885,1,7,3,780,0
886,1,7,3,795,0
887,1,7,3,810,0
888,1,7,3,825,0
889,1,7,3,840,0
890,1,7,3,855,0
891,1,7,3,870,0
892,1,7,3,885,0
893,1,7,3,900,0
894,1,7,3,915,0
895,1,7,3,930,0
896,1,7,3,945,0
897,1,7,3,960,0
898,1,7,3,975,0
899,1,7,3,990,0
900,1,7,3,1005,0
901,1,7,3,1020,0
902,1,7,3,1035,0
903,1,7,3,1050,0
904,1,8,1,0,0
905,1,8,1,15,0
906,1,8,1,30,0
907,1,8,1,45,0
908,1,8,1,60,0
909,1,8,1,75,0
910,1,8,1,90,0
911,1,8,1,105,0
912,1,8,1,120,0
913,1,8,1,135,0
914,1,8,1,150,0
915,1,8,1,165,0
916,1,8,1,180,0
917,1,8,1,195,0
918,1,8,1,210,0
919,1,8,1,225,0
920,1,8,1,240,0
921,1,8,1,255,0
922,1,8,1,270,0
923,1,8,1,285,0
924,1,8,1,300,0
925,1,8,1,315,0
926,1,8,1,330,0
927,1,8,1,345,0
928,1,8,1,360,0
929,1,8,1,375,0
930,1,8,1,390,0
931,1,8,1,405,0
932,1,8,1,420,0
933,1,8,1,435,0
934,1,8,1,450,0
935,1,8,1,465,0
936,1,8,1,480,0
937,1,8,1,495,0
938,1,8,1,510,0
939,1,8,1,525,0
940,1,8,1,540,0
941,1,8,1,555,0
942,1,8,1,570,0
943,1,8,1,585,0
944,1,8,1,600,0
945,1,8,1,615,0
946,1,8,1,630,0
947,1,8,1,645,0
948,1,8,1,660,0
949,1,8,1,675,0
950,1,8,1,690,0
951,1,8,1,705,0
952,1,8,1,720,0
953,1,8,1,735,0
954,1,8,1,750,0
955,1,8,1,765,0
956,1,8,1,780,0
957,1,8,1,795,0
958,1,8,1,810,0
959,1,8,1,825,0
960,1,8,1,840,0
961,1,8,1,855,0
962,1,8,1,870,0
963,1,8,1,885,0
964,1,8,1,900,0
965,1,8,1,915,0
966,1,8,1,930,0
967,1,8,1,945,0
968,1,8,1,960,0
969,1,8,1,975,0
970,1,8,1,990,0
971,1,8,1,1005,0
972,1,8,1,1020,0
973,1,8,1,1035,0
974,1,8,2,0,0
975,1,8,2,15,0
976,1,8,2,30,0
977,1,8,2,45,0
978,1,8,2,60,0
979,1,8,2,75,0
980,1,8,2,90,0
981,1,8,2,105,0
982,1,8,2,120,0
983,1,8,2,135,0
984,1,8,2,150,0
985,1,8,2,165,0
986,1,8,2,180,0
987,1,8,2,195,0
988,1,8,2,210,0
989,1,8,2,225,0
990,1,8,2,240,0
991,1,8,2,255,0
992,1,8,2,270,0
993,1,8,2,285,0
994,1,8,2,300,0
995,1,8,2,315,0
996,1,8,2,330,0
997,1,8,2,345,0
998,1,8,2,360,0
999,1,8,2,375,0
1000,1,8,2,390,0
1001,1,8,2,405,0
1002,1,8,2,420,0
1003,1,8,2,435,0
1004,1,8,2,450,0
1005,1,8,2,465,0
1006,1,8,2,480,0
1007,1,8,2,495,0
1008,1,8,2,510,0
1009,1,8,2,525,0
1010,1,8,2,540,0
1011,1,8,2,555,0
1012,1,8,2,570,0
1013,1,8,2,585,0
1014,1,8,2,600,0
1015,1,8,2,615,0
1016,1,8,2,630,0
1017,1,8,2,645,0
1018,1,8,2,660,0
1019,1,8,2,675,0
1020,1,8,2,690,0
1021,1,8,2,705,0
1022,1,8,2,720,0
1023,1,8,2,735,0
1024,1,8,2,750,0
1025,1,8,2,765,0
1026,1,8,2,780,0
1027,1,8,2,795,0
1028,1,8,2,810,0
1029,1,8,2,825,0
1030,1,8,2,840,0
1031,1,8,2,855,0
1032,1,8,2,870,0
1033,1,8,2,885,0
1034,1,8,2,900,0
1035,1,8,2,915,0
1036,1,8,2,930,0
1037,1,8,2,945,0
1038,1,8,2,960,0
1039,1,8,2,975,0
1040,1,8,2,990,0
1041,1,8,2,1005,0
1042,1,8,2,1020,0
1043,1,8,2,1035,0
1044,1,8,2,1050,0
1045,1,8,3,0,0
1046,1,8,3,15,0
1047,1,8,3,30,0
1048,1,8,3,45,0
1049,1,8,3,60,0
1050,1,8,3,75,0
1051,1,8,3,90,0
1052,1,8,3,105,0
1053,1,8,3,120,0
1054,1,8,3,135,0
1055,1,8,3,150,0
1056,1,8,3,165,0
1057,1,8,3,180,0
1058,1,8,3,195,0
1059,1,8,3,210,0
1060,1,8,3,225,0
1061,1,8,3,240,0
1062,1,8,3,255,0
1063,1,8,3,270,0
1064,1,8,3,285,0
1065,1,8,3,300,0
1066,1,8,3,315,0
1067,1,8,3,330,0
1068,1,8,3,345,0
1069,1,8,3,360,0
1070,1,8,3,375,0
1071,1,8,3,390,0
1072,1,8,3,405,0
1073,1,8,3,420,0
1074,1,8,3,435,0
1075,1,8,3,450,0
1076,1,8,3,465,0
1077,1,8,3,480,0
1078,1,8,3,495,0
1079,1,8,3,510,0
1080,1,8,3,525,0
1081,1,8,3,540,0
1082,1,8,3,555,0
1083,1,8,3,570,0
1084,1,8,3,585,0
1085,1,8,3,600,0
1086,1,8,3,615,0
1087,1,8,3,630,0
1088,1,8,3,645,0
1089,1,8,3,660,0
1090,1,8,3,675,0
1091,1,8,3,690,0
1092,1,8,3,705,0
1093,1,8,3,720,0
1094,1,8,3,735,0
1095,1,8,3,750,0
1096,1,8,3,765,0
1097,1,8,3,780,0
1098,1,8,3,795,0
1099,1,8,3,810,0
1100,1,8,3,825,0
1101,1,8,3,840,0
1102,1,8,3,855,0
1103,1,8,3,870,0
1104,1,8,3,885,0
1105,1,8,3,900,0
1106,1,8,3,915,0
1107,1,8,3,930,0
1108,1,8,3,945,0
1109,1,8,3,960,0
1110,1,8,3,975,0
1111,1,8,3,990,0
1112,1,8,3,1005,0
1113,1,8,3,1020,0
1114,1,9,1,0,0
1115,1,9,1,15,0
1116,1,9,1,30,0
1117,1,9,1,45,0
1118,1,9,1,60,0
1119,1,9,1,75,0
1120,1,9,1,90,0
1121,1,9,1,105,0
1122,1,9,1,120,0
1123,1,9,1,135,0
1124,1,9,1,150,0
1125,1,9,2,0,0
1126,1,9,2,15,0
1127,1,9,2,30,0
1128,1,9,2,45,0
1129,1,9,2,60,0
1130,1,9,2,75,0
1131,1,9,2,90,0
1132,1,9,2,105,0
1133,1,9,2,120,0
1134,1,9,2,135,0
1135,1,9,3,0,0
1136,1,9,3,15,0
1137,1,9,3,30,0
1138,1,9,3,45,0
1139,1,9,3,60,0
1140,1,9,3,75,0
1141,1,9,3,90,0
1142,1,9,3,105,0
1143,1,9,3,120,0
1144,1,9,3,135,0
1145,10,1,1,0,1
1146,10,1,1,15,1
1147,10,1,1,30,1
1148,10,1,1,45,1
1149,10,1,1,60,1
1150,10,1,1,75,1
1151,10,1,1,90,1
1152,10,1,1,105,1
1153,10,1,1,120,1
1154,10,1,1,135,1
1155,10,1,2,0,1
1156,10,1,2,15,1
1157,10,1,2,30,1
1158,10,1,2,45,1
1159,10,1,2,60,1
1160,10,1,2,75,1
1161,10,1,2,90,1
1162,10,1,2,105,1
1163,10,1,2,120,1
1164,10,1,2,135,1
1165,10,1,3,0,1
1166,10,1,3,15,1
1167,10,1,3,30,1
1168,10,1,3,45,1
1169,10,1,3,60,1
1170,10,1,3,75,1
1171,10,1,3,90,1
1172,10,1,3,105,1
1173,10,1,3,120,1
1174,10,1,3,135,1
1175,10,10,1,0,0
1176,10,10,1,15,0
1177,10,10,1,30,0
1178,10,10,1,45,0
1179,10,10,1,60,0
1180,10,10,1,75,0
1181,10,10,1,90,0
1182,10,10,1,105,0
1183,10,10,1,120,0
1184,10,10,1,135,0
1185,10,10,1,150,0
1186,10,10,1,165,0
1187,10,10,1,180,0
1188,10,10,1,195,0
1189,10,10,1,210,0
1190,10,10,1,225,0
1191,10,10,1,240,0
1192,10,10,1,255,0
1193,10,10,1,270,0
1194,10,10,1,285,0
1195,10,10,1,300,0
1196,10,10,1,315,0
1197,10,10,1,330,0
1198,10,10,1,345,0
1199,10,10,1,360,0
1200,10,10,1,375,0
1201,10,10,1,390,0
1202,10,10,1,405,0
1203,10,10,1,420,0
1204,10,10,1,435,0
1205,10,10,1,450,0
1206,10,10,1,465,0
1207,10,10,1,480,0
1208,10,10,1,495,0
1209,10,10,2,0,0
1210,10,10,2,15,0
1211,10,10,2,30,0
1212,10,10,2,45,0
1213,10,10,2,60,0
1214,10,10,2,75,0
1215,10,10,2,90,0
1216,10,10,2,105,0
1217,10,10,2,120,0
1218,10,10,2,135,0
1219,10,10,2,150,0
1220,10,10,2,165,0
1221,10,10,2,180,0
1222,10,10,2,195,0
1223,10,10,2,210,0
1224,10,10,2,225,0
1225,10,10,2,240,0
1226,10,10,2,255,0
1227,10,10,2,270,0
1228,10,10,2,285,0
1229,10,10,2,300,0
1230,10,10,2,315,0
1231,10,10,2,330,0
1232,10,10,2,345,0
1233,10,10,2,360,0
1234,10,10,2,375,0
1235,10,10,2,390,0
1236,10,10,2,405,0
1237,10,10,2,420,0
1238,10,10,2,435,0
1239,10,10,2,450,0
1240,10,10,2,465,0
1241,10,10,2,480,0
1242,10,10,2,495,0
1243,10,10,3,0,0
1244,10,10,3,15,0
1245,10,10,3,30,0
1246,10,10,3,45,0
1247,10,10,3,60,0
1248,10,10,3,75,0
1249,10,10,3,90,0
1250,10,10,3,105,0
1251,10,10,3,120,0
1252,10,10,3,135,0
1253,10,10,3,150,0
1254,10,10,3,165,0
1255,10,10,3,180,0
1256,10,10,3,195,0
1257,10,10,3,210,0
1258,10,10,3,225,0
1259,10,10,3,240,0
1260,10,10,3,255,0
1261,10,10,3,270,0
1262,10,10,3,285,0
1263,10,10,3,300,0
1264,10,10,3,315,0
1265,10,10,3,330,0
1266,10,10,3,345,0
1267,10,10,3,360,0
1268,10,10,3,375,0
1269,10,10,3,390,0
1270,10,10,3,405,0
1271,10,10,3,420,0
1272,10,10,3,435,0
1273,10,10,3,450,0
1274,10,10,3,465,0
1275,10,10,3,480,0
1276,10,10,3,495,0
1277,10,11,1,0,0
1278,10,11,1,15,0
1279,10,11,1,30,0
1280,10,11,1,45,0
1281,10,11,1,60,0
1282,10,11,1,75,0
1283,10,11,1,90,0
1284,10,11,1,105,0
1285,10,11,1,120,0
1286,10,11,1,135,0
1287,10,11,1,150,0
1288,10,11,1,165,0
1289,10,11,1,180,0
1290,10,11,1,195,0
1291,10,11,1,210,0
1292,10,11,1,225,0
1293,10,11,1,240,0
1294,10,11,1,255,0
1295,10,11,1,270,0
1296,10,11,1,285,0
1297,10,11,1,300,0
1298,10,11,1,315,0
1299,10,11,1,330,0
1300,10,11,1,345,0
1301,10,11,1,360,0
1302,10,11,1,375,0
1303,10,11,1,390,0
1304,10,11,1,405,0
1305,10,11,1,420,0
1306,10,11,1,435,0
1307,10,11,1,450,0
1308,10,11,1,465,0
1309,10,11,1,480,0
1310,10,11,1,495,0
1311,10,11,1,510,0
1312,10,11,1,525,0
1313,10,11,1,540,0
1314,10,11,1,555,0
1315,10,11,1,570,0
1316,10,11,1,585,0
1317,10,11,1,600,0
1318,10,11,1,615,0
1319,10,11,1,630,0
1320,10,11,1,645,0
1321,10,11,1,660,0
1322,10,11,1,675,0
1323,10,11,1,690,0
1324,10,11,1,705,0
1325,10,11,1,720,0
1326,10,11,1,735,0
1327,10,11,1,750,0
1328,10,11,1,765,0
1329,10,11,1,780,0
1330,10,11,1,795,0
1331,10,11,1,810,0
1332,10,11,1,825,0
1333,10,11,1,840,0
1334,10,11,1,855,0
1335,10,11,1,870,0
1336,10,11,1,885,0
1337,10,11,1,900,0
1338,10,11,1,915,0
1339,10,11,1,930,0
1340,10,11,1,945,0
1341,10,11,1,960,0
1342,10,11,1,975,0
1343,10,11,1,990,0
1344,10,11,1,1005,0
1345,10,11,1,1020,0
1346,10,11,2,0,0
1347,10,11,2,15,0
1348,10,11,2,30,0
1349,10,11,2,45,0
1350,10,11,2,60,0
1351,10,11,2,75,0
1352,10,11,2,90,0
1353,10,11,2,105,0
1354,10,11,2,120,0
1355,10,11,2,135,0
1356,10,11,2,150,0
1357,10,11,2,165,0
1358,10,11,2,180,0
1359,10,11,2,195,0
1360,10,11,2,210,0
1361,10,11,2,225,0
1362,10,11,2,240,0
1363,10,11,2,255,0
1364,10,11,2,270,0
1365,10,11,2,285,0
1366,10,11,2,300,0
1367,10,11,2,315,0
1368,10,11,2,330,0
1369,10,11,2,345,0
1370,10,11,2,360,0
1371,10,11,2,375,0
1372,10,11,2,390,0
1373,10,11,2,405,0
1374,10,11,2,420,0
1375,10,11,2,435,0
1376,10,11,2,450,0
1377,10,11,2,465,0
1378,10,11,2,480,0
1379,10,11,2,495,0
1380,10,11,2,510,0
1381,10,11,2,525,0
1382,10,11,2,540,0
1383,10,11,2,555,0
1384,10,11,2,570,0
1385,10,11,2,585,0
1386,10,11,2,600,0
1387,10,11,2,615,0
1388,10,11,2,630,0
1389,10,11,2,645,0
1390,10,11,2,660,0
1391,10,11,2,675,0
1392,10,11,2,690,0
1393,10,11,2,705,0
1394,10,11,2,720,0
1395,10,11,2,735,0
1396,10,11,2,750,0
1397,10,11,2,765,0
1398,10,11,2,780,0
1399,10,11,2,795,0
1400,10,11,2,810,0
1401,10,11,2,825,0
1402,10,11,2,840,0
1403,10,11,2,855,0
1404,10,11,2,870,0
1405,10,11,2,885,0
1406,10,11,2,900,0
1407,10,11,2,915,0
1408,10,11,2,930,0
1409,10,11,2,945,0
1410,10,11,2,960,0
1411,10,11,2,975,0
1412,10,11,2,990,0
1413,10,11,2,1005,0
1414,10,11,2,1020,0
1415,10,11,2,1035,0
1416,10,11,3,0,0
1417,10,11,3,15,0
1418,10,11,3,30,0
1419,10,11,3,45,0
1420,10,11,3,60,0
1421,10,11,3,75,0
1422,10,11,3,90,0
1423,10,11,3,105,0
1424,10,11,3,120,0
1425,10,11,3,135,0
1426,10,11,3,150,0
1427,10,11,3,165,0
1428,10,11,3,180,0
1429,10,11,3,195,0
1430,10,11,3,210,0
1431,10,11,3,225,0
1432,10,11,3,240,0
1433,10,11,3,255,0
1434,10,11,3,270,0
1435,10,11,3,285,0
1436,10,11,3,300,0
1437,10,11,3,315,0
1438,10,11,3,330,0
1439,10,11,3,345,0
1440,10,11,3,360,0
1441,10,11,3,375,0
1442,10,11,3,390,0
1443,10,11,3,405,0
1444,10,11,3,420,0
1445,10,11,3,435,0
1446,10,11,3,450,0
1447,10,11,3,465,0
1448,10,11,3,480,0
1449,10,11,3,495,0
1450,10,11,3,510,0
1451,10,11,3,525,0
1452,10,11,3,540,0
1453,10,11,3,555,0
1454,10,11,3,570,0
1455,10,11,3,585,0
1456,10,11,3,600,0
1457,10,11,3,615,0
1458,10,11,3,630,0
1459,10,11,3,645,0
1460,10,11,3,660,0
1461,10,11,3,675,0
1462,10,11,3,690,0
1463,10,11,3,705,0
1464,10,11,3,720,0
1465,10,11,3,735,0
1466,10,11,3,750,0
1467,10,11,3,765,0
1468,10,11,3,780,0
1469,10,11,3,795,0
1470,10,11,3,810,0
1471,10,11,3,825,0
1472,10,11,3,840,0
1473,10,11,3,855,0
1474,10,11,3,870,0
1475,10,11,3,885,0
1476,10,11,3,900,0
1477,10,11,3,915,0
1478,10,11,3,930,0
1479,10,11,3,945,0
1480,10,11,3,960,0
1481,10,11,3,975,0
1482,10,11,3,990,0
1483,10,11,3,1005,0
1484,10,11,3,1020,0
1485,10,11,3,1035,0
1486,10,2,1,0,1
1487,10,2,1,15,1
1488,10,2,1,30,1
1489,10,2,1,45,1
1490,10,2,1,60,1
1491,10,2,1,75,1
1492,10,2,1,90,1
1493,10,2,1,105,1
1494,10,2,1,120,1
1495,10,2,1,135,1
1496,10,2,2,0,1
1497,10,2,2,15,1
1498,10,2,2,30,1
1499,10,2,2,45,1
1500,10,2,2,60,1
1501,10,2,2,75,1
1502,10,2,2,90,1
1503,10,2,2,105,1
1504,10,2,2,120,1
1505,10,2,2,135,1
1506,10,2,2,150,1
1507,10,2,3,0,1
1508,10,2,3,15,1
1509,10,2,3,30,1
1510,10,2,3,45,1
1511,10,2,3,60,1
1512,10,2,3,75,1
1513,10,2,3,90,1
1514,10,2,3,105,1
1515,10,2,3,120,1
1516,10,2,3,135,1
1517,10,3,1,0,1
1518,10,3,1,15,1
1519,10,3,1,30,1
1520,10,3,1,45,1
1521,10,3,1,60,1
1522,10,3,1,75,1
1523,10,3,1,90,1
1524,10,3,1,105,1
1525,10,3,1,120,1
1526,10,3,1,135,1
1527,10,3,2,0,1
1528,10,3,2,15,1
1529,10,3,2,30,1
1530,10,3,2,45,1
1531,10,3,2,60,1
1532,10,3,2,75,1
1533,10,3,2,90,1
1534,10,3,2,105,1
1535,10,3,2,120,1
1536,10,3,2,135,1
1537,10,3,2,150,1
1538,10,3,3,0,1
1539,10,3,3,15,1
1540,10,3,3,30,1
1541,10,3,3,45,1
1542,10,3,3,60,1
1543,10,3,3,75,1
1544,10,3,3,90,1
1545,10,3,3,105,1
1546,10,3,3,120,1
1547,10,3,3,135,1
1548,10,3,3,150,1
1549,10,4,1,0,1
1550,10,4,1,15,1
1551,10,4,1,30,1
1552,10,4,1,45,1
1553,10,4,1,60,1
1554,10,4,1,75,1
1555,10,4,1,90,1
1556,10,4,1,105,1
1557,10,4,1,120,1
1558,10,4,1,135,1
1559,10,4,1,150,1
1560,10,4,2,0,1
1561,10,4,2,15,1
1562,10,4,2,30,1
1563,10,4,2,45,1
1564,10,4,2,60,1
1565,10,4,2,75,1
1566,10,4,2,90,1
1567,10,4,2,105,1
1568,10,4,2,120,1
1569,10,4,2,135,1
1570,10,4,2,150,1
1571,10,4,3,0,1
1572,10,4,3,15,1
1573,10,4,3,30,1
1574,10,4,3,45,1
1575,10,4,3,60,1
1576,10,4,3,75,1
1577,10,4,3,90,1
1578,10,4,3,105,1
1579,10,4,3,120,1
1580,10,4,3,135,1
1581,10,4,3,150,1
1582,10,5,1,0,1
1583,10,5,1,15,1
1584,10,5,1,30,1
1585,10,5,1,45,1
1586,10,5,1,60,1
1587,10,5,1,75,1
1588,10,5,1,90,1
1589,10,5,1,105,1
1590,10,5,1,120,1
1591,10,5,1,135,1
1592,10,5,1,150,1
1593,10,5,2,0,1
1594,10,5,2,15,1
1595,10,5,2,30,1
1596,10,5,2,45,1
1597,10,5,2,60,1
1598,10,5,2,75,1
1599,10,5,2,90,1
1600,10,5,2,105,1
1601,10,5,2,120,1
1602,10,5,2,135,1
1603,10,5,2,150,1
1604,10,5,3,0,1
1605,10,5,3,15,1
1606,10,5,3,30,1
1607,10,5,3,45,1
1608,10,5,3,60,1
1609,10,5,3,75,1
1610,10,5,3,90,1
1611,10,5,3,105,1
1612,10,5,3,120,1
1613,10,5,3,135,1
1614,10,5,3,150,1
1615,10,6,1,0,0
1616,10,6,1,15,0
1617,10,6,1,30,0
1618,10,6,1,45,0
1619,10,6,1,60,0
1620,10,6,1,75,0
1621,10,6,1,90,0
1622,10,6,1,105,0
1623,10,6,1,120,0
1624,10,6,1,135,0
1625,10,6,1,150,0
1626,10,6,1,165,0
1627,10,6,1,180,0
1628,10,6,1,195,0
1629,10,6,1,210,0
1630,10,6,1,225,0
1631,10,6,1,240,0
1632,10,6,1,255,0
1633,10,6,1,270,0
1634,10,6,1,285,0
1635,10,6,1,300,0
1636,10,6,1,315,0
1637,10,6,1,330,0
1638,10,6,1,345,0
1639,10,6,1,360,0
1640,10,6,1,375,0
1641,10,6,1,390,0
1642,10,6,1,405,0
1643,10,6,1,420,0
1644,10,6,1,435,0
1645,10,6,1,450,0
1646,10,6,1,465,0
1647,10,6,1,480,0
1648,10,6,1,495,0
1649,10,6,1,510,0
1650,10,6,1,525,0
1651,10,6,1,540,0
1652,10,6,1,555,0
1653,10,6,1,570,0
1654,10,6,1,585,0
1655,10,6,1,600,0
1656,10,6,1,615,0
1657,10,6,1,630,0
1658,10,6,1,645,0
1659,10,6,1,660,0
1660,10,6,1,675,0
1661,10,6,1,690,0
1662,10,6,1,705,0
1663,10,6,1,720,0
1664,10,6,1,735,0
1665,10,6,1,750,0
1666,10,6,1,765,0
1667,10,6,1,780,0
1668,10,6,1,795,0
1669,10,6,1,810,0
1670,10,6,1,825,0
1671,10,6,1,840,0
1672,10,6,1,855,0
1673,10,6,1,870,0
1674,10,6,1,885,0
1675,10,6,1,900,0
1676,10,6,1,915,0
1677,10,6,1,930,0
1678,10,6,1,945,0
1679,10,6,1,960,0
1680,10,6,1,975,0
1681,10,6,1,990,0
1682,10,6,1,1005,0
1683,10,6,1,1020,0
1684,10,6,1,1035,0
1685,10,6,1,1050,0
1686,10,6,1,1065,0
1687,10,6,1,1080,0
1688,10,6,1,1095,0
1689,10,6,2,0,0
1690,10,6,2,15,0
1691,10,6,2,30,0
1692,10,6,2,45,0
1693,10,6,2,60,0
1694,10,6,2,75,0
1695,10,6,2,90,0
1696,10,6,2,105,0
1697,10,6,2,120,0
1698,10,6,2,135,0
1699,10,6,2,150,0
1700,10,6,2,165,0
1701,10,6,2,180,0
1702,10,6,2,195,0
1703,10,6,2,210,0
1704,10,6,2,225,0
1705,10,6,2,240,0
1706,10,6,2,255,0
1707,10,6,2,270,0
1708,10,6,2,285,0
1709,10,6,2,300,0
1710,10,6,2,315,0
1711,10,6,2,330,0
1712,10,6,2,345,0
1713,10,6,2,360,0
1714,10,6,2,375,0
1715,10,6,2,390,0
1716,10,6,2,405,0
1717,10,6,2,420,0
1718,10,6,2,435,0
1719,10,6,2,450,0
1720,10,6,2,465,0
1721,10,6,2,480,0
1722,10,6,2,495,0
1723,10,6,2,510,0
1724,10,6,2,525,0
1725,10,6,2,540,0
1726,10,6,2,555,0
1727,10,6,2,570,0
1728,10,6,2,585,0
1729,10,6,2,600,0
1730,10,6,2,615,0
1731,10,6,2,630,0
1732,10,6,2,645,0
1733,10,6,2,660,0
1734,10,6,2,675,0
1735,10,6,2,690,0
1736,10,6,2,705,0
1737,10,6,2,720,0
1738,10,6,2,735,0
1739,10,6,2,750,0
1740,10,6,2,765,0
1741,10,6,2,780,0
1742,10,6,2,795,0
1743,10,6,2,810,0
1744,10,6,2,825,0
1745,10,6,2,840,0
1746,10,6,2,855,0
1747,10,6,2,870,0
1748,10,6,2,885,0
1749,10,6,2,900,0
1750,10,6,2,915,0
1751,10,6,2,930,0
1752,10,6,2,945,0
1753,10,6,2,960,0
1754,10,6,2,975,0
1755,10,6,2,990,0
1756,10,6,2,1005,0
1757,10,6,2,1020,0
1758,10,6,2,1035,0
1759,10,6,2,1050,0
1760,10,6,2,1065,0
1761,10,6,2,1080,0
1762,10,6,3,0,0
1763,10,6,3,15,0
1764,10,6,3,30,0
1765,10,6,3,45,0
1766,10,6,3,60,0
1767,10,6,3,75,0
1768,10,6,3,90,0
1769,10,6,3,105,0
1770,10,6,3,120,0
1771,10,6,3,135,0
1772,10,6,3,150,0
1773,10,6,3,165,0
1774,10,6,3,180,0
1775,10,6,3,195,0
1776,10,6,3,210,0
1777,10,6,3,225,0
1778,10,6,3,240,0
1779,10,6,3,255,0
1780,10,6,3,270,0
1781,10,6,3,285,0
1782,10,6,3,300,0
1783,10,6,3,315,0
1784,10,6,3,330,0
1785,10,6,3,345,0
1786,10,6,3,360,0
1787,10,6,3,375,0
1788,10,6,3,390,0
1789,10,6,3,405,0
1790,10,6,3,420,0
1791,10,6,3,435,0
1792,10,6,3,450,0
1793,10,6,3,465,0
1794,10,6,3,480,0
1795,10,6,3,495,0
1796,10,6,3,510,0
1797,10,6,3,525,0
1798,10,6,3,540,0
1799,10,6,3,555,0
1800,10,6,3,570,0
1801,10,6,3,585,0
1802,10,6,3,600,0
1803,10,6,3,615,0
1804,10,6,3,630,0
1805,10,6,3,645,0
1806,10,6,3,660,0
1807,10,6,3,675,0
1808,10,6,3,690,0
1809,10,6,3,705,0
1810,10,6,3,720,0
1811,10,6,3,735,0
1812,10,6,3,750,0
1813,10,6,3,765,0
1814,10,6,3,780,0
1815,10,6,3,795,0
1816,10,6,3,810,0
1817,10,6,3,825,0
1818,10,6,3,840,0
1819,10,6,3,855,0
1820,10,6,3,870,0
1821,10,6,3,885,0
1822,10,6,3,900,0
1823,10,6,3,915,0
1824,10,6,3,930,0
1825,10,6,3,945,0
1826,10,6,3,960,0
1827,10,6,3,975,0
1828,10,6,3,990,0
1829,10,6,3,1005,0
1830,10,6,3,1020,0
1831,10,6,3,1035,0
1832,10,6,3,1050,0
1833,10,6,3,1065,0
1834,10,6,3,1080,0
1835,10,6,3,1095,0
1836,10,7,1,0,0
1837,10,7,1,15,0
1838,10,7,1,30,0
1839,10,7,1,45,0
1840,10,7,1,60,0
1841,10,7,1,75,0
1842,10,7,1,90,0
1843,10,7,1,105,0
1844,10,7,1,120,0
1845,10,7,1,135,0
1846,10,7,1,150,0
1847,10,7,1,165,0
1848,10,7,1,180,0
1849,10,7,1,195,0
1850,10,7,1,210,0
1851,10,7,1,225,0
1852,10,7,1,240,0
1853,10,7,1,255,0
1854,10,7,1,270,0
1855,10,7,1,285,0
1856,10,7,1,300,0
1857,10,7,1,315,0
1858,10,7,1,330,0
1859,10,7,1,345,0
1860,10,7,1,360,0
1861,10,7,1,375,0
1862,10,7,1,390,0
1863,10,7,1,405,0
1864,10,7,1,420,0
1865,10,7,1,435,0
1866,10,7,1,450,0
1867,10,7,1,465,0
1868,10,7,1,480,0
1869,10,7,1,495,0
1870,10,7,1,510,0
1871,10,7,1,525,0
1872,10,7,1,540,0
1873,10,7,1,555,0
1874,10,7,1,570,0
1875,10,7,1,585,0
1876,10,7,1,600,0
1877,10,7,1,615,0
1878,10,7,1,630,0
1879,10,7,1,645,0
1880,10,7,1,660,0
1881,10,7,1,675,0
1882,10,7,1,690,0
1883,10,7,1,705,0
1884,10,7,1,720,0
1885,10,7,1,735,0
1886,10,7,1,750,0
1887,10,7,1,765,0
1888,10,7,1,780,0
1889,10,7,1,795,0
1890,10,7,1,810,0
1891,10,7,1,825,0
1892,10,7,1,840,0
1893,10,7,1,855,0
1894,10,7,1,870,0
1895,10,7,1,885,0
1896,10,7,1,900,0
1897,10,7,1,915,0
1898,10,7,1,930,0
1899,10,7,1,945,0
1900,10,7,1,960,0
1901,10,7,1,975,0
1902,10,7,1,990,0
1903,10,7,1,1005,0
1904,10,7,1,1020,0
1905,10,7,2,0,0
1906,10,7,2,15,0
1907,10,7,2,30,0
1908,10,7,2,45,0
1909,10,7,2,60,0
1910,10,7,2,75,0
1911,10,7,2,90,0
1912,10,7,2,105,0
1913,10,7,2,120,0
1914,10,7,2,135,0
1915,10,7,2,150,0
1916,10,7,2,165,0
1917,10,7,2,180,0
1918,10,7,2,195,0
1919,10,7,2,210,0
1920,10,7,2,225,0
1921,10,7,2,240,0
1922,10,7,2,255,0
1923,10,7,2,270,0
1924,10,7,2,285,0
1925,10,7,2,300,0
1926,10,7,2,315,0
1927,10,7,2,330,0
1928,10,7,2,345,0
1929,10,7,2,360,0
1930,10,7,2,375,0
1931,10,7,2,390,0
1932,10,7,2,405,0
1933,10,7,2,420,0
1934,10,7,2,435,0
1935,10,7,2,450,0
1936,10,7,2,465,0
1937,10,7,2,480,0
1938,10,7,2,495,0
1939,10,7,2,510,0
1940,10,7,2,525,0
1941,10,7,2,540,0
1942,10,7,2,555,0
1943,10,7,2,570,0
1944,10,7,2,585,0
1945,10,7,2,600,0
1946,10,7,2,615,0
1947,10,7,2,630,0
1948,10,7,2,645,0
1949,10,7,2,660,0
1950,10,7,2,675,0
1951,10,7,2,690,0
1952,10,7,2,705,0
1953,10,7,2,720,0
1954,10,7,2,735,0
1955,10,7,2,750,0
1956,10,7,2,765,0
1957,10,7,2,780,0
1958,10,7,2,795,0
1959,10,7,2,810,0
1960,10,7,2,825,0
1961,10,7,2,840,0
1962,10,7,2,855,0
1963,10,7,2,870,0
1964,10,7,2,885,0
1965,10,7,2,900,0
1966,10,7,2,915,0
1967,10,7,2,930,0
1968,10,7,2,945,0
1969,10,7,2,960,0
1970,10,7,2,975,0
1971,10,7,2,990,0
1972,10,7,2,1005,0
1973,10,7,3,0,0
1974,10,7,3,15,0
1975,10,7,3,30,0
1976,10,7,3,45,0
1977,10,7,3,60,0
1978,10,7,3,75,0
1979,10,7,3,90,0
1980,10,7,3,105,0
1981,10,7,3,120,0
1982,10,7,3,135,0
1983,10,7,3,150,0
1984,10,7,3,165,0
1985,10,7,3,180,0
1986,10,7,3,195,0
1987,10,7,3,210,0
1988,10,7,3,225,0
1989,10,7,3,240,0
1990,10,7,3,255,0
1991,10,7,3,270,0
1992,10,7,3,285,0
1993,10,7,3,300,0
1994,10,7,3,315,0
1995,10,7,3,330,0
1996,10,7,3,345,0
1997,10,7,3,360,0
1998,10,7,3,375,0
1999,10,7,3,390,0
2000,10,7,3,405,0
2001,10,7,3,420,0
2002,10,7,3,435,0
2003,10,7,3,450,0
2004,10,7,3,465,0
2005,10,7,3,480,0
2006,10,7,3,495,0
2007,10,7,3,510,0
2008,10,7,3,525,0
2009,10,7,3,540,0
2010,10,7,3,555,0
2011,10,7,3,570,0
2012,10,7,3,585,0
2013,10,7,3,600,0
2014,10,7,3,615,0
2015,10,7,3,630,0
2016,10,7,3,645,0
2017,10,7,3,660,0
2018,10,7,3,675,0
2019,10,7,3,690,0
2020,10,7,3,705,0
2021,10,7,3,720,0
2022,10,7,3,735,0
2023,10,7,3,750,0
2024,10,7,3,765,0
2025,10,7,3,780,0
2026,10,7,3,795,0
2027,10,7,3,810,0
2028,10,7,3,825,0
2029,10,7,3,840,0
2030,10,7,3,855,0
2031,10,7,3,870,0
2032,10,7,3,885,0
2033,10,7,3,900,0
2034,10,7,3,915,0
2035,10,7,3,930,0
2036,10,7,3,945,0
2037,10,7,3,960,0
2038,10,7,3,975,0
2039,10,7,3,990,0
2040,10,7,3,1005,0
2041,10,8,1,0,0
2042,10,8,1,15,0
2043,10,8,1,30,0
2044,10,8,1,45,0
2045,10,8,1,60,0
2046,10,8,1,75,0
2047,10,8,1,90,0
2048,10,8,1,105,0
2049,10,8,1,120,0
2050,10,8,1,135,0
2051,10,8,1,150,0
2052,10,8,1,165,0
2053,10,8,1,180,0
2054,10,8,1,195,0
2055,10,8,1,210,0
2056,10,8,1,225,0
2057,10,8,1,240,0
2058,10,8,1,255,0
2059,10,8,1,270,0
2060,10,8,1,285,0
2061,10,8,1,300,0
2062,10,8,1,315,0
2063,10,8,1,330,0
2064,10,8,1,345,0
2065,10,8,1,360,0
2066,10,8,1,375,0
2067,10,8,1,390,0
2068,10,8,1,405,0
2069,10,8,1,420,0
2070,10,8,1,435,0
2071,10,8,1,450,0
2072,10,8,1,465,0
2073,10,8,1,480,0
2074,10,8,1,495,0
2075,10,8,1,510,0
2076,10,8,1,525,0
2077,10,8,1,540,0
2078,10,8,1,555,0
2079,10,8,1,570,0
2080,10,8,1,585,0
2081,10,8,1,600,0
2082,10,8,1,615,0
2083,10,8,1,630,0
2084,10,8,1,645,0
2085,10,8,1,660,0
2086,10,8,1,675,0
2087,10,8,1,690,0
2088,10,8,1,705,0
2089,10,8,1,720,0
2090,10,8,1,735,0
2091,10,8,1,750,0
2092,10,8,1,765,0
2093,10,8,1,780,0
2094,10,8,1,795,0
2095,10,8,1,810,0
2096,10,8,1,825,0
2097,10,8,1,840,0
2098,10,8,1,855,0
2099,10,8,1,870,0
2100,10,8,1,885,0
2101,10,8,1,900,0
2102,10,8,1,915,0
2103,10,8,1,930,0
2104,10,8,1,945,0
2105,10,8,1,960,0
2106,10,8,1,975,0
2107,10,8,1,990,0
2108,10,8,2,0,0
2109,10,8,2,15,0
2110,10,8,2,30,0
2111,10,8,2,45,0
2112,10,8,2,60,0
2113,10,8,2,75,0
2114,10,8,2,90,0
2115,10,8,2,105,0
2116,10,8,2,120,0
2117,10,8,2,135,0
2118,10,8,2,150,0
2119,10,8,2,165,0
2120,10,8,2,180,0
2121,10,8,2,195,0
2122,10,8,2,210,0
2123,10,8,2,225,0
2124,10,8,2,240,0
2125,10,8,2,255,0
2126,10,8,2,270,0
2127,10,8,2,285,0
2128,10,8,2,300,0
2129,10,8,2,315,0
2130,10,8,2,330,0
2131,10,8,2,345,0
2132,10,8,2,360,0
2133,10,8,2,375,0
2134,10,8,2,390,0
2135,10,8,2,405,0
2136,10,8,2,420,0
2137,10,8,2,435,0
2138,10,8,2,450,0
2139,10,8,2,465,0
2140,10,8,2,480,0
2141,10,8,2,495,0
2142,10,8,2,510,0
2143,10,8,2,525,0
2144,10,8,2,540,0
2145,10,8,2,555,0
2146,10,8,2,570,0
2147,10,8,2,585,0
2148,10,8,2,600,0
2149,10,8,2,615,0
2150,10,8,2,630,0
2151,10,8,2,645,0
2152,10,8,2,660,0
2153,10,8,2,675,0
2154,10,8,2,690,0
2155,10,8,2,705,0
2156,10,8,2,720,0
2157,10,8,2,735,0
2158,10,8,2,750,0
2159,10,8,2,765,0
2160,10,8,2,780,0
2161,10,8,2,795,0
2162,10,8,2,810,0
2163,10,8,2,825,0
2164,10,8,2,840,0
2165,10,8,2,855,0
2166,10,8,2,870,0
2167,10,8,2,885,0
2168,10,8,2,900,0
2169,10,8,2,915,0
2170,10,8,2,930,0
2171,10,8,2,945,0
2172,10,8,2,960,0
2173,10,8,2,975,0
2174,10,8,2,990,0
2175,10,8,3,0,0
2176,10,8,3,15,0
2177,10,8,3,30,0
2178,10,8,3,45,0
2179,10,8,3,60,0
2180,10,8,3,75,0
2181,10,8,3,90,0
2182,10,8,3,105,0
2183,10,8,3,120,0
2184,10,8,3,135,0
2185,10,8,3,150,0
2186,10,8,3,165,0
2187,10,8,3,180,0
2188,10,8,3,195,0
2189,10,8,3,210,0
2190,10,8,3,225,0
2191,10,8,3,240,0
2192,10,8,3,255,0
2193,10,8,3,270,0
2194,10,8,3,285,0
2195,10,8,3,300,0
2196,10,8,3,315,0
2197,10,8,3,330,0
2198,10,8,3,345,0
2199,10,8,3,360,0
2200,10,8,3,375,0
2201,10,8,3,390,0
2202,10,8,3,405,0
2203,10,8,3,420,0
2204,10,8,3,435,0
2205,10,8,3,450,0
2206,10,8,3,465,0
2207,10,8,3,480,0
2208,10,8,3,495,0
2209,10,8,3,510,0
2210,10,8,3,525,0
2211,10,8,3,540,0
2212,10,8,3,555,0
2213,10,8,3,570,0
2214,10,8,3,585,0
2215,10,8,3,600,0
2216,10,8,3,615,0
2217,10,8,3,630,0
2218,10,8,3,645,0
2219,10,8,3,660,0
2220,10,8,3,675,0
2221,10,8,3,690,0
2222,10,8,3,705,0
2223,10,8,3,720,0
2224,10,8,3,735,0
2225,10,8,3,750,0
2226,10,8,3,765,0
2227,10,8,3,780,0
2228,10,8,3,795,0
2229,10,8,3,810,0
2230,10,8,3,825,0
2231,10,8,3,840,0
2232,10,8,3,855,0
2233,10,8,3,870,0
2234,10,8,3,885,0
2235,10,8,3,900,0
2236,10,8,3,915,0
2237,10,8,3,930,0
2238,10,8,3,945,0
2239,10,8,3,960,0
2240,10,8,3,975,0
2241,10,8,3,990,0
2242,10,8,3,1005,0
2243,10,8,3,1020,0
2244,10,9,1,0,0
2245,10,9,1,15,0
2246,10,9,1,30,0
2247,10,9,1,45,0
2248,10,9,1,60,0
2249,10,9,1,75,0
2250,10,9,1,90,0
2251,10,9,1,105,0
2252,10,9,1,120,0
2253,10,9,2,0,0
2254,10,9,2,15,0
2255,10,9,2,30,0
2256,10,9,2,45,0
2257,10,9,2,60,0
2258,10,9,2,75,0
2259,10,9,2,90,0
2260,10,9,2,105,0
2261,10,9,2,120,0
2262,10,9,2,135,0
2263,10,9,3,0,0
2264,10,9,3,15,0
2265,10,9,3,30,0
2266,10,9,3,45,0
2267,10,9,3,60,0
2268,10,9,3,75,0
2269,10,9,3,90,0
2270,10,9,3,105,0
2271,10,9,3,120,0
2272,10,9,3,135,0
2273,2,1,1,0,1
2274,2,1,1,15,1
2275,2,1,1,30,1
2276,2,1,1,45,1
2277,2,1,1,60,1
2278,2,1,1,75,1
2279,2,1,1,90,1
2280,2,1,1,105,1
2281,2,1,1,120,1
2282,2,1,1,135,1
2283,2,1,2,0,1
2284,2,1,2,15,1
2285,2,1,2,30,1
2286,2,1,2,45,1
2287,2,1,2,60,1
2288,2,1,2,75,1
2289,2,1,2,90,1
2290,2,1,2,105,1
2291,2,1,2,120,1
2292,2,1,2,135,1
2293,2,1,3,0,1
2294,2,1,3,15,1
2295,2,1,3,30,1
2296,2,1,3,45,1
2297,2,1,3,60,1
2298,2,1,3,75,1
2299,2,1,3,90,1
2300,2,1,3,105,1
2301,2,1,3,120,1
2302,2,1,3,135,1
2303,2,10,1,0,0
2304,2,10,1,15,0
2305,2,10,1,30,0
2306,2,10,1,45,0
2307,2,10,1,60,0
2308,2,10,1,75,0
2309,2,10,1,90,0
2310,2,10,1,105,0
2311,2,10,1,120,0
2312,2,10,1,135,0
2313,2,10,1,150,0
2314,2,10,1,165,0
2315,2,10,1,180,0
2316,2,10,1,195,0
2317,2,10,1,210,0
2318,2,10,1,225,0
2319,2,10,1,240,0
2320,2,10,1,255,0
2321,2,10,1,270,0
2322,2,10,1,285,0
2323,2,10,1,300,0
2324,2,10,1,315,0
2325,2,10,1,330,0
2326,2,10,1,345,0
2327,2,10,1,360,0
2328,2,10,1,375,0
2329,2,10,1,390,0
2330,2,10,1,405,0
2331,2,10,1,420,0
2332,2,10,2,0,0
2333,2,10,2,15,0
2334,2,10,2,30,0
2335,2,10,2,45,0
2336,2,10,2,60,0
2337,2,10,2,75,0
2338,2,10,2,90,0
2339,2,10,2,105,0
2340,2,10,2,120,0
2341,2,10,2,135,0
2342,2,10,2,150,0
2343,2,10,2,165,0
2344,2,10,2,180,0
2345,2,10,2,195,0
2346,2,10,2,210,0
2347,2,10,2,225,0
2348,2,10,2,240,0
2349,2,10,2,255,0
2350,2,10,2,270,0
2351,2,10,2,285,0
2352,2,10,2,300,0
2353,2,10,2,315,0
2354,2,10,2,330,0
2355,2,10,2,345,0
2356,2,10,2,360,0
2357,2,10,2,375,0
2358,2,10,2,390,0
2359,2,10,2,405,0
2360,2,10,2,420,0
2361,2,10,2,435,0
2362,2,10,3,0,0
2363,2,10,3,15,0
2364,2,10,3,30,0
2365,2,10,3,45,0
2366,2,10,3,60,0
2367,2,10,3,75,0
2368,2,10,3,90,0
2369,2,10,3,105,0
2370,2,10,3,120,0
2371,2,10,3,135,0
2372,2,10,3,150,0
2373,2,10,3,165,0
2374,2,10,3,180,0
2375,2,10,3,195,0
2376,2,10,3,210,0
2377,2,10,3,225,0
2378,2,10,3,240,0
2379,2,10,3,255,0
2380,2,10,3,270,0
2381,2,10,3,285,0
2382,2,10,3,300,0
2383,2,10,3,315,0
2384,2,10,3,330,0
2385,2,10,3,345,0
2386,2,10,3,360,0
2387,2,10,3,375,0
2388,2,10,3,390,0
2389,2,10,3,405,0
2390,2,10,3,420,0
2391,2,10,3,435,0
2392,2,11,1,0,0
2393,2,11,1,15,0
2394,2,11,1,30,0
2395,2,11,1,45,0
2396,2,11,1,60,0
2397,2,11,1,75,0
2398,2,11,1,90,0
2399,2,11,1,105,0
2400,2,11,1,120,0
2401,2,11,1,135,0
2402,2,11,1,150,0
2403,2,11,1,165,0
2404,2,11,1,180,0
2405,2,11,1,195,0
2406,2,11,1,210,0
2407,2,11,1,225,0
2408,2,11,1,240,0
2409,2,11,1,255,0
2410,2,11,1,270,0
2411,2,11,1,285,0
2412,2,11,1,300,0
2413,2,11,1,315,0
2414,2,11,1,330,0
2415,2,11,1,345,0
2416,2,11,1,360,0
2417,2,11,1,375,0
2418,2,11,1,390,0
2419,2,11,1,405,0
2420,2,11,1,420,0
2421,2,11,1,435,0
2422,2,11,1,450,0
2423,2,11,1,465,0
2424,2,11,1,480,0
2425,2,11,1,495,0
2426,2,11,1,510,0
2427,2,11,1,525,0
2428,2,11,1,540,0
2429,2,11,1,555,0
2430,2,11,1,570,0
2431,2,11,1,585,0
2432,2,11,1,600,0
2433,2,11,1,615,0
2434,2,11,1,630,0
2435,2,11,1,645,0
2436,2,11,1,660,0
2437,2,11,1,675,0
2438,2,11,1,690,0
2439,2,11,1,705,0
2440,2,11,1,720,0
2441,2,11,1,735,0
2442,2,11,1,750,0
2443,2,11,1,765,0
2444,2,11,1,780,0
2445,2,11,1,795,0
2446,2,11,1,810,0
2447,2,11,1,825,0
2448,2,11,1,840,0
2449,2,11,1,855,0
2450,2,11,1,870,0
2451,2,11,1,885,0
2452,2,11,1,900,0
2453,2,11,1,915,0
2454,2,11,1,930,0
2455,2,11,1,945,0
2456,2,11,2,0,0
2457,2,11,2,15,0
2458,2,11,2,30,0
2459,2,11,2,45,0
2460,2,11,2,60,0
2461,2,11,2,75,0
2462,2,11,2,90,0
2463,2,11,2,105,0
2464,2,11,2,120,0
2465,2,11,2,135,0
2466,2,11,2,150,0
2467,2,11,2,165,0
2468,2,11,2,180,0
2469,2,11,2,195,0
2470,2,11,2,210,0
2471,2,11,2,225,0
2472,2,11,2,240,0
2473,2,11,2,255,0
2474,2,11,2,270,0
2475,2,11,2,285,0
2476,2,11,2,300,0
2477,2,11,2,315,0
2478,2,11,2,330,0
2479,2,11,2,345,0
2480,2,11,2,360,0
2481,2,11,2,375,0
2482,2,11,2,390,0
2483,2,11,2,405,0
2484,2,11,2,420,0
2485,2,11,2,435,0
2486,2,11,2,450,0
2487,2,11,2,465,0
2488,2,11,2,480,0
2489,2,11,2,495,0
2490,2,11,2,510,0
2491,2,11,2,525,0
2492,2,11,2,540,0
2493,2,11,2,555,0
2494,2,11,2,570,0
2495,2,11,2,585,0
2496,2,11,2,600,0
2497,2,11,2,615,0
2498,2,11,2,630,0
2499,2,11,2,645,0
2500,2,11,2,660,0
2501,2,11,2,675,0
2502,2,11,2,690,0
2503,2,11,2,705,0
2504,2,11,2,720,0
2505,2,11,2,735,0
2506,2,11,2,750,0
2507,2,11,2,765,0
2508,2,11,2,780,0
2509,2,11,2,795,0
2510,2,11,2,810,0
2511,2,11,2,825,0
2512,2,11,2,840,0
2513,2,11,2,855,0
2514,2,11,2,870,0
2515,2,11,2,885,0
2516,2,11,2,900,0
2517,2,11,2,915,0
2518,2,11,3,0,0
2519,2,11,3,15,0
2520,2,11,3,30,0
2521,2,11,3,45,0
2522,2,11,3,60,0
2523,2,11,3,75,0
2524,2,11,3,90,0
2525,2,11,3,105,0
2526,2,11,3,120,0
2527,2,11,3,135,0
2528,2,11,3,150,0
2529,2,11,3,165,0
2530,2,11,3,180,0
2531,2,11,3,195,0
2532,2,11,3,210,0
2533,2,11,3,225,0
2534,2,11,3,240,0
2535,2,11,3,255,0
2536,2,11,3,270,0
2537,2,11,3,285,0
2538,2,11,3,300,0
2539,2,11,3,315,0
2540,2,11,3,330,0
2541,2,11,3,345,0
2542,2,11,3,360,0
2543,2,11,3,375,0
2544,2,11,3,390,0
2545,2,11,3,405,0
2546,2,11,3,420,0
2547,2,11,3,435,0
2548,2,11,3,450,0
2549,2,11,3,465,0
2550,2,11,3,480,0
2551,2,11,3,495,0
2552,2,11,3,510,0
2553,2,11,3,525,0
2554,2,11,3,540,0
2555,2,11,3,555,0
2556,2,11,3,570,0
2557,2,11,3,585,0
2558,2,11,3,600,0
2559,2,11,3,615,0
2560,2,11,3,630,0
2561,2,11,3,645,0
2562,2,11,3,660,0
2563,2,11,3,675,0
2564,2,11,3,690,0
2565,2,11,3,705,0
2566,2,11,3,720,0
2567,2,11,3,735,0
2568,2,11,3,750,0
2569,2,11,3,765,0
2570,2,11,3,780,0
2571,2,11,3,795,0
2572,2,11,3,810,0
2573,2,11,3,825,0
2574,2,11,3,840,0
2575,2,11,3,855,0
2576,2,11,3,870,0
2577,2,11,3,885,0
2578,2,11,3,900,0
2579,2,2,1,0,1
2580,2,2,1,15,1
2581,2,2,1,30,1
2582,2,2,1,45,1
2583,2,2,1,60,1
2584,2,2,1,75,1
2585,2,2,1,90,1
2586,2,2,1,105,1
2587,2,2,1,120,1
2588,2,2,1,135,1
2589,2,2,2,0,1
2590,2,2,2,15,1
2591,2,2,2,30,1
2592,2,2,2,45,1
2593,2,2,2,60,1
2594,2,2,2,75,1
2595,2,2,2,90,1
2596,2,2,2,105,1
2597,2,2,2,120,1
2598,2,2,2,135,1
2599,2,2,3,0,1
2600,2,2,3,15,1
2601,2,2,3,30,1
2602,2,2,3,45,1
2603,2,2,3,60,1
2604,2,2,3,75,1
2605,2,2,3,90,1
2606,2,2,3,105,1
2607,2,2,3,120,1
2608,2,2,3,135,1
2609,2,3,1,0,1
2610,2,3,1,15,1
2611,2,3,1,30,1
2612,2,3,1,45,1
2613,2,3,1,60,1
2614,2,3,1,75,1
2615,2,3,1,90,1
2616,2,3,1,105,1
2617,2,3,1,120,1
2618,2,3,1,135,1
2619,2,3,2,0,1
2620,2,3,2,15,1
2621,2,3,2,30,1
2622,2,3,2,45,1
2623,2,3,2,60,1
2624,2,3,2,75,1
2625,2,3,2,90,1
2626,2,3,2,105,1
2627,2,3,2,120,1
2628,2,3,2,135,1
2629,2,3,3,0,1
2630,2,3,3,15,1
2631,2,3,3,30,1
2632,2,3,3,45,1
2633,2,3,3,60,1
2634,2,3,3,75,1
2635,2,3,3,90,1
2636,2,3,3,105,1
2637,2,3,3,120,1
2638,2,3,3,135,1
2639,2,4,1,0,1
2640,2,4,1,15,1
2641,2,4,1,30,1
2642,2,4,1,45,1
2643,2,4,1,60,1
2644,2,4,1,75,1
2645,2,4,1,90,1
2646,2,4,1,105,1
2647,2,4,1,120,1
2648,2,4,1,135,1
2649,2,4,1,150,1
2650,2,4,2,0,1
2651,2,4,2,15,1
2652,2,4,2,30,1
2653,2,4,2,45,1
2654,2,4,2,60,1
2655,2,4,2,75,1
2656,2,4,2,90,1
2657,2,4,2,105,1
2658,2,4,2,120,1
2659,2,4,2,135,1
2660,2,4,3,0,1
2661,2,4,3,15,1
2662,2,4,3,30,1
2663,2,4,3,45,1
2664,2,4,3,60,1
2665,2,4,3,75,1
2666,2,4,3,90,1
2667,2,4,3,105,1
2668,2,4,3,120,1
2669,2,4,3,135,1
2670,2,5,1,0,1
2671,2,5,1,15,1
2672,2,5,1,30,1
2673,2,5,1,45,1
2674,2,5,1,60,1
2675,2,5,1,75,1
2676,2,5,1,90,1
2677,2,5,1,105,1
2678,2,5,1,120,1
2679,2,5,1,135,1
2680,2,5,2,0,1
2681,2,5,2,15,1
2682,2,5,2,30,1
2683,2,5,2,45,1
2684,2,5,2,60,1
2685,2,5,2,75,1
2686,2,5,2,90,1
2687,2,5,2,105,1
2688,2,5,3,0,1
2689,2,5,3,15,1
2690,2,5,3,30,1
2691,2,5,3,45,1
2692,2,5,3,60,1
2693,2,5,3,75,1
2694,2,5,3,90,1
2695,2,5,3,105,1
2696,2,6,1,0,0
2697,2,6,1,15,0
2698,2,6,1,30,0
2699,2,6,1,45,0
2700,2,6,1,60,0
2701,2,6,1,75,0
2702,2,6,1,90,0
2703,2,6,1,105,0
2704,2,6,1,120,0
2705,2,6,1,135,0
2706,2,6,1,150,0
2707,2,6,1,165,0
2708,2,6,1,180,0
2709,2,6,1,195,0
2710,2,6,1,210,0
2711,2,6,1,225,0
2712,2,6,1,240,0
2713,2,6,1,255,0
2714,2,6,1,270,0
2715,2,6,1,285,0
2716,2,6,1,300,0
2717,2,6,1,315,0
2718,2,6,1,330,0
2719,2,6,1,345,0
2720,2,6,1,360,0
2721,2,6,1,375,0
2722,2,6,1,390,0
2723,2,6,1,405,0
2724,2,6,1,420,0
2725,2,6,1,435,0
2726,2,6,1,450,0
2727,2,6,1,465,0
2728,2,6,1,480,0
2729,2,6,1,495,0
2730,2,6,1,510,0
2731,2,6,1,525,0
2732,2,6,1,540,0
2733,2,6,1,555,0
2734,2,6,1,570,0
2735,2,6,1,585,0
2736,2,6,1,600,0
2737,2,6,1,615,0
2738,2,6,1,630,0
2739,2,6,1,645,0
2740,2,6,1,660,0
2741,2,6,1,675,0
2742,2,6,1,690,0
2743,2,6,1,705,0
2744,2,6,1,720,0
2745,2,6,1,735,0
2746,2,6,1,750,0
2747,2,6,1,765,0
2748,2,6,1,780,0
2749,2,6,1,795,0
2750,2,6,1,810,0
2751,2,6,1,825,0
2752,2,6,1,840,0
2753,2,6,1,855,0
2754,2,6,1,870,0
2755,2,6,1,885,0
2756,2,6,1,900,0
2757,2,6,1,915,0
2758,2,6,1,930,0
2759,2,6,1,945,0
2760,2,6,1,960,0
2761,2,6,1,975,0
2762,2,6,1,990,0
2763,2,6,2,0,0
2764,2,6,2,15,0
2765,2,6,2,30,0
2766,2,6,2,45,0
2767,2,6,2,60,0
2768,2,6,2,75,0
2769,2,6,2,90,0
2770,2,6,2,105,0
2771,2,6,2,120,0
2772,2,6,2,135,0
2773,2,6,2,150,0
2774,2,6,2,165,0
2775,2,6,2,180,0
2776,2,6,2,195,0
2777,2,6,2,210,0
2778,2,6,2,225,0
2779,2,6,2,240,0
2780,2,6,2,255,0
2781,2,6,2,270,0
2782,2,6,2,285,0
2783,2,6,2,300,0
2784,2,6,2,315,0
2785,2,6,2,330,0
2786,2,6,2,345,0
2787,2,6,2,360,0
2788,2,6,2,375,0
2789,2,6,2,390,0
2790,2,6,2,405,0
2791,2,6,2,420,0
2792,2,6,2,435,0
2793,2,6,2,450,0
2794,2,6,2,465,0
2795,2,6,2,480,0
2796,2,6,2,495,0
2797,2,6,2,510,0
2798,2,6,2,525,0
2799,2,6,2,540,0
2800,2,6,2,555,0
2801,2,6,2,570,0
2802,2,6,2,585,0
2803,2,6,2,600,0
2804,2,6,2,615,0
2805,2,6,2,630,0
2806,2,6,2,645,0
2807,2,6,2,660,0
2808,2,6,2,675,0
2809,2,6,2,690,0
2810,2,6,2,705,0
2811,2,6,2,720,0
2812,2,6,2,735,0
2813,2,6,2,750,0
2814,2,6,2,765,0
2815,2,6,2,780,0
2816,2,6,2,795,0
2817,2,6,2,810,0
2818,2,6,2,825,0
2819,2,6,2,840,0
2820,2,6,2,855,0
2821,2,6,2,870,0
2822,2,6,2,885,0
2823,2,6,2,900,0
2824,2,6,2,915,0
2825,2,6,2,930,0
2826,2,6,2,945,0
2827,2,6,2,960,0
2828,2,6,2,975,0
2829,2,6,2,990,0
2830,2,6,2,1005,0
2831,2,6,2,1020,0
2832,2,6,3,0,0
2833,2,6,3,15,0
2834,2,6,3,30,0
2835,2,6,3,45,0
2836,2,6,3,60,0
2837,2,6,3,75,0
2838,2,6,3,90,0
2839,2,6,3,105,0
2840,2,6,3,120,0
2841,2,6,3,135,0
2842,2,6,3,150,0
2843,2,6,3,165,0
2844,2,6,3,180,0
2845,2,6,3,195,0
2846,2,6,3,210,0
2847,2,6,3,225,0
2848,2,6,3,240,0
2849,2,6,3,255,0
2850,2,6,3,270,0
2851,2,6,3,285,0
2852,2,6,3,300,0
2853,2,6,3,315,0
2854,2,6,3,330,0
2855,2,6,3,345,0
2856,2,6,3,360,0
2857,2,6,3,375,0
2858,2,6,3,390,0
2859,2,6,3,405,0
2860,2,6,3,420,0
2861,2,6,3,435,0
2862,2,6,3,450,0
2863,2,6,3,465,0
2864,2,6,3,480,0
2865,2,6,3,495,0
2866,2,6,3,510,0
2867,2,6,3,525,0
2868,2,6,3,540,0
2869,2,6,3,555,0
2870,2,6,3,570,0
2871,2,6,3,585,0
2872,2,6,3,600,0
2873,2,6,3,615,0
2874,2,6,3,630,0
2875,2,6,3,645,0
2876,2,6,3,660,0
2877,2,6,3,675,0
2878,2,6,3,690,0
2879,2,6,3,705,0
2880,2,6,3,720,0
2881,2,6,3,735,0
2882,2,6,3,750,0
2883,2,6,3,765,0
2884,2,6,3,780,0
2885,2,6,3,795,0
2886,2,6,3,810,0
2887,2,6,3,825,0
2888,2,6,3,840,0
2889,2,6,3,855,0
2890,2,6,3,870,0
2891,2,6,3,885,0
2892,2,6,3,900,0
2893,2,6,3,915,0
2894,2,6,3,930,0
2895,2,6,3,945,0
2896,2,6,3,960,0
2897,2,6,3,975,0
2898,2,6,3,990,0
2899,2,6,3,1005,0
2900,2,6,3,1020,0
2901,2,6,3,1035,0
2902,2,6,3,1050,0
2903,2,7,1,0,0
2904,2,7,1,15,0
2905,2,7,1,30,0
2906,2,7,1,45,0
2907,2,7,1,60,0
2908,2,7,1,75,0
2909,2,7,1,90,0
2910,2,7,1,105,0
2911,2,7,1,120,0
2912,2,7,1,135,0
2913,2,7,1,150,0
2914,2,7,1,165,0
2915,2,7,1,180,0
2916,2,7,1,195,0
2917,2,7,1,210,0
2918,2,7,1,225,0
2919,2,7,1,240,0
2920,2,7,1,255,0
2921,2,7,1,270,0
2922,2,7,1,285,0
2923,2,7,1,300,0
2924,2,7,1,315,0
2925,2,7,1,330,0
2926,2,7,1,345,0
2927,2,7,1,360,0
2928,2,7,1,375,0
2929,2,7,1,390,0
2930,2,7,1,405,0
2931,2,7,1,420,0
2932,2,7,1,435,0
2933,2,7,1,450,0
2934,2,7,1,465,0
2935,2,7,1,480,0
2936,2,7,1,495,0
2937,2,7,1,510,0
2938,2,7,1,525,0
2939,2,7,1,540,0
2940,2,7,1,555,0
2941,2,7,1,570,0
2942,2,7,1,585,0
2943,2,7,1,600,0
2944,2,7,1,615,0
2945,2,7,1,630,0
2946,2,7,1,645,0
2947,2,7,1,660,0
2948,2,7,1,675,0
2949,2,7,1,690,0
2950,2,7,1,705,0
2951,2,7,1,720,0
2952,2,7,1,735,0
2953,2,7,1,750,0
2954,2,7,1,765,0
2955,2,7,1,780,0
2956,2,7,1,795,0
2957,2,7,1,810,0
2958,2,7,1,825,0
2959,2,7,1,840,0
2960,2,7,1,855,0
2961,2,7,1,870,0
2962,2,7,1,885,0
2963,2,7,1,900,0
2964,2,7,1,915,0
2965,2,7,1,930,0
2966,2,7,1,945,0
2967,2,7,1,960,0
2968,2,7,1,975,0
2969,2,7,1,990,0
2970,2,7,1,1005,0
2971,2,7,1,1020,0
2972,2,7,2,0,0
2973,2,7,2,15,0
2974,2,7,2,30,0
2975,2,7,2,45,0
2976,2,7,2,60,0
2977,2,7,2,75,0
2978,2,7,2,90,0
2979,2,7,2,105,0
2980,2,7,2,120,0
2981,2,7,2,135,0
2982,2,7,2,150,0
2983,2,7,2,165,0
2984,2,7,2,180,0
2985,2,7,2,195,0
2986,2,7,2,210,0
2987,2,7,2,225,0
2988,2,7,2,240,0
2989,2,7,2,255,0
2990,2,7,2,270,0
2991,2,7,2,285,0
2992,2,7,2,300,0
2993,2,7,2,315,0
2994,2,7,2,330,0
2995,2,7,2,345,0
2996,2,7,2,360,0
2997,2,7,2,375,0
2998,2,7,2,390,0
2999,2,7,2,405,0
3000,2,7,2,420,0
3001,2,7,2,435,0
3002,2,7,2,450,0
3003,2,7,2,465,0
3004,2,7,2,480,0
3005,2,7,2,495,0
3006,2,7,2,510,0
3007,2,7,2,525,0
3008,2,7,2,540,0
3009,2,7,2,555,0
3010,2,7,2,570,0
3011,2,7,2,585,0
3012,2,7,2,600,0
3013,2,7,2,615,0
3014,2,7,2,630,0
3015,2,7,2,645,0
3016,2,7,2,660,0
3017,2,7,2,675,0
3018,2,7,2,690,0
3019,2,7,2,705,0
3020,2,7,2,720,0
3021,2,7,2,735,0
3022,2,7,2,750,0
3023,2,7,2,765,0
3024,2,7,2,780,0
3025,2,7,2,795,0
3026,2,7,2,810,0
3027,2,7,2,825,0
3028,2,7,2,840,0
3029,2,7,2,855,0
3030,2,7,2,870,0
3031,2,7,2,885,0
3032,2,7,2,900,0
3033,2,7,2,915,0
3034,2,7,2,930,0
3035,2,7,2,945,0
3036,2,7,2,960,0
3037,2,7,2,975,0
3038,2,7,2,990,0
3039,2,7,3,0,0
3040,2,7,3,15,0
3041,2,7,3,30,0
3042,2,7,3,45,0
3043,2,7,3,60,0
3044,2,7,3,75,0
3045,2,7,3,90,0
3046,2,7,3,105,0
3047,2,7,3,120,0
3048,2,7,3,135,0
3049,2,7,3,150,0
3050,2,7,3,165,0
3051,2,7,3,180,0
3052,2,7,3,195,0
3053,2,7,3,210,0
3054,2,7,3,225,0
3055,2,7,3,240,0
3056,2,7,3,255,0
3057,2,7,3,270,0
3058,2,7,3,285,0
3059,2,7,3,300,0
3060,2,7,3,315,0
3061,2,7,3,330,0
3062,2,7,3,345,0
3063,2,7,3,360,0
3064,2,7,3,375,0
3065,2,7,3,390,0
3066,2,7,3,405,0
3067,2,7,3,420,0
3068,2,7,3,435,0
3069,2,7,3,450,0
3070,2,7,3,465,0
3071,2,7,3,480,0
3072,2,7,3,495,0
3073,2,7,3,510,0
3074,2,7,3,525,0
3075,2,7,3,540,0
3076,2,7,3,555,0
3077,2,7,3,570,0
3078,2,7,3,585,0
3079,2,7,3,600,0
3080,2,7,3,615,0
3081,2,7,3,630,0
3082,2,7,3,645,0
3083,2,7,3,660,0
3084,2,7,3,675,0
3085,2,7,3,690,0
3086,2,7,3,705,0
3087,2,7,3,720,0
3088,2,7,3,735,0
3089,2,7,3,750,0
3090,2,7,3,765,0
3091,2,7,3,780,0
3092,2,7,3,795,0
3093,2,7,3,810,0
3094,2,7,3,825,0
3095,2,7,3,840,0
3096,2,7,3,855,0
3097,2,7,3,870,0
3098,2,7,3,885,0
3099,2,7,3,900,0
3100,2,7,3,915,0
3101,2,7,3,930,0
3102,2,7,3,945,0
3103,2,7,3,960,0
3104,2,7,3,975,0
3105,2,7,3,990,0
3106,2,8,1,0,0
3107,2,8,1,15,0
3108,2,8,1,30,0
3109,2,8,1,45,0
3110,2,8,1,60,0
3111,2,8,1,75,0
3112,2,8,1,90,0
3113,2,8,1,105,0
3114,2,8,1,120,0
3115,2,8,1,135,0
3116,2,8,1,150,0
3117,2,8,1,165,0
3118,2,8,1,180,0
3119,2,8,1,195,0
3120,2,8,1,210,0
3121,2,8,1,225,0
3122,2,8,1,240,0
3123,2,8,1,255,0
3124,2,8,1,270,0
3125,2,8,1,285,0
3126,2,8,1,300,0
3127,2,8,1,315,0
3128,2,8,1,330,0
3129,2,8,1,345,0
3130,2,8,1,360,0
3131,2,8,1,375,0
3132,2,8,1,390,0
3133,2,8,1,405,0
3134,2,8,1,420,0
3135,2,8,1,435,0
3136,2,8,1,450,0
3137,2,8,1,465,0
3138,2,8,1,480,0
3139,2,8,1,495,0
3140,2,8,1,510,0
3141,2,8,1,525,0
3142,2,8,1,540,0
3143,2,8,1,555,0
3144,2,8,1,570,0
3145,2,8,1,585,0
3146,2,8,1,600,0
3147,2,8,1,615,0
3148,2,8,1,630,0
3149,2,8,1,645,0
3150,2,8,1,660,0
3151,2,8,1,675,0
3152,2,8,1,690,0
3153,2,8,1,705,0
3154,2,8,1,720,0
3155,2,8,1,735,0
3156,2,8,1,750,0
3157,2,8,1,765,0
3158,2,8,1,780,0
3159,2,8,1,795,0
3160,2,8,1,810,0
3161,2,8,1,825,0
3162,2,8,1,840,0
3163,2,8,1,855,0
3164,2,8,1,870,0
3165,2,8,1,885,0
3166,2,8,1,900,0
3167,2,8,1,915,0
3168,2,8,1,930,0
3169,2,8,1,945,0
3170,2,8,1,960,0
3171,2,8,1,975,0
3172,2,8,1,990,0
3173,2,8,1,1005,0
3174,2,8,1,1020,0
3175,2,8,2,0,0
3176,2,8,2,15,0
3177,2,8,2,30,0
3178,2,8,2,45,0
3179,2,8,2,60,0
3180,2,8,2,75,0
3181,2,8,2,90,0
3182,2,8,2,105,0
3183,2,8,2,120,0
3184,2,8,2,135,0
3185,2,8,2,150,0
3186,2,8,2,165,0
3187,2,8,2,180,0
3188,2,8,2,195,0
3189,2,8,2,210,0
3190,2,8,2,225,0
3191,2,8,2,240,0
3192,2,8,2,255,0
3193,2,8,2,270,0
3194,2,8,2,285,0
3195,2,8,2,300,0
3196,2,8,2,315,0
3197,2,8,2,330,0
3198,2,8,2,345,0
3199,2,8,2,360,0
3200,2,8,2,375,0
3201,2,8,2,390,0
3202,2,8,2,405,0
3203,2,8,2,420,0
3204,2,8,2,435,0
3205,2,8,2,450,0
3206,2,8,2,465,0
3207,2,8,2,480,0
3208,2,8,2,495,0
3209,2,8,2,510,0
3210,2,8,2,525,0
3211,2,8,2,540,0
3212,2,8,2,555,0
3213,2,8,2,570,0
3214,2,8,2,585,0
3215,2,8,2,600,0
3216,2,8,2,615,0
3217,2,8,2,630,0
3218,2,8,2,645,0
3219,2,8,2,660,0
3220,2,8,2,675,0
3221,2,8,2,690,0
3222,2,8,2,705,0
3223,2,8,2,720,0
3224,2,8,2,735,0
3225,2,8,2,750,0
3226,2,8,2,765,0
3227,2,8,2,780,0
3228,2,8,2,795,0
3229,2,8,2,810,0
3230,2,8,2,825,0
3231,2,8,2,840,0
3232,2,8,2,855,0
3233,2,8,2,870,0
3234,2,8,2,885,0
3235,2,8,2,900,0
3236,2,8,2,915,0
3237,2,8,2,930,0
3238,2,8,2,945,0
3239,2,8,2,960,0
3240,2,8,2,975,0
3241,2,8,2,990,0
3242,2,8,2,1005,0
3243,2,8,3,0,0
3244,2,8,3,15,0
3245,2,8,3,30,0
3246,2,8,3,45,0
3247,2,8,3,60,0
3248,2,8,3,75,0
3249,2,8,3,90,0
3250,2,8,3,105,0
3251,2,8,3,120,0
3252,2,8,3,135,0
3253,2,8,3,150,0
3254,2,8,3,165,0
3255,2,8,3,180,0
3256,2,8,3,195,0
3257,2,8,3,210,0
3258,2,8,3,225,0
3259,2,8,3,240,0
3260,2,8,3,255,0
3261,2,8,3,270,0
3262,2,8,3,285,0
3263,2,8,3,300,0
3264,2,8,3,315,0
3265,2,8,3,330,0
3266,2,8,3,345,0
3267,2,8,3,360,0
3268,2,8,3,375,0
3269,2,8,3,390,0
3270,2,8,3,405,0
3271,2,8,3,420,0
3272,2,8,3,435,0
3273,2,8,3,450,0
3274,2,8,3,465,0
3275,2,8,3,480,0
3276,2,8,3,495,0
3277,2,8,3,510,0
3278,2,8,3,525,0
3279,2,8,3,540,0
3280,2,8,3,555,0
3281,2,8,3,570,0
3282,2,8,3,585,0
3283,2,8,3,600,0
3284,2,8,3,615,0
3285,2,8,3,630,0
3286,2,8,3,645,0
3287,2,8,3,660,0
3288,2,8,3,675,0
3289,2,8,3,690,0
3290,2,8,3,705,0
3291,2,8,3,720,0
3292,2,8,3,735,0
3293,2,8,3,750,0
3294,2,8,3,765,0
3295,2,8,3,780,0
3296,2,8,3,795,0
3297,2,8,3,810,0
3298,2,8,3,825,0
3299,2,8,3,840,0
3300,2,8,3,855,0
3301,2,8,3,870,0
3302,2,8,3,885,0
3303,2,8,3,900,0
3304,2,8,3,915,0
3305,2,8,3,930,0
3306,2,8,3,945,0
3307,2,8,3,960,0
3308,2,8,3,975,0
3309,2,8,3,990,0
3310,2,9,1,0,0
3311,2,9,1,15,0
3312,2,9,1,30,0
3313,2,9,1,45,0
3314,2,9,1,60,0
3315,2,9,1,75,0
3316,2,9,1,90,0
3317,2,9,1,105,0
3318,2,9,1,120,0
3319,2,9,2,0,0
3320,2,9,2,15,0
3321,2,9,2,30,0
3322,2,9,2,45,0
3323,2,9,2,60,0
3324,2,9,2,75,0
3325,2,9,2,90,0
3326,2,9,2,105,0
3327,2,9,2,120,0
3328,2,9,3,0,0
3329,2,9,3,15,0
3330,2,9,3,30,0
3331,2,9,3,45,0
3332,2,9,3,60,0
3333,2,9,3,75,0
3334,2,9,3,90,0
3335,2,9,3,105,0
3336,2,9,3,120,0
3337,2,9,3,135,0
3338,3,1,1,0,1
3339,3,1,1,15,1
3340,3,1,1,30,1
3341,3,1,1,45,1
3342,3,1,1,60,1
3343,3,1,1,75,1
3344,3,1,1,90,1
3345,3,1,1,105,1
3346,3,1,1,120,1
3347,3,1,1,135,1
3348,3,1,1,150,1
3349,3,1,2,0,1
3350,3,1,2,15,1
3351,3,1,2,30,1
3352,3,1,2,45,1
3353,3,1,2,60,1
3354,3,1,2,75,1
3355,3,1,2,90,1
3356,3,1,2,105,1
3357,3,1,2,120,1
3358,3,1,2,135,1
3359,3,1,2,150,1
3360,3,1,3,0,1
3361,3,1,3,15,1
3362,3,1,3,30,1
3363,3,1,3,45,1
3364,3,1,3,60,1
3365,3,1,3,75,1
3366,3,1,3,90,1
3367,3,1,3,105,1
3368,3,1,3,120,1
3369,3,1,3,135,1
3370,3,1,3,150,1
3371,3,10,1,0,0
3372,3,10,1,15,0
3373,3,10,1,30,0
3374,3,10,1,45,0
3375,3,10,1,60,0
3376,3,10,1,75,0
3377,3,10,1,90,0
3378,3,10,1,105,0
3379,3,10,1,120,0
3380,3,10,1,135,0
3381,3,10,1,150,0
3382,3,10,1,165,0
3383,3,10,1,180,0
3384,3,10,1,195,0
3385,3,10,1,210,0
3386,3,10,1,225,0
3387,3,10,1,240,0
3388,3,10,1,255,0
3389,3,10,1,270,0
3390,3,10,1,285,0
3391,3,10,1,300,0
3392,3,10,1,315,0
3393,3,10,1,330,0
3394,3,10,1,345,0
3395,3,10,1,360,0
3396,3,10,1,375,0
3397,3,10,1,390,0
3398,3,10,1,405,0
3399,3,10,1,420,0
3400,3,10,1,435,0
3401,3,10,1,450,0
3402,3,10,1,465,0
3403,3,10,1,480,0
3404,3,10,1,495,0
3405,3,10,2,0,0
3406,3,10,2,15,0
3407,3,10,2,30,0
3408,3,10,2,45,0
3409,3,10,2,60,0
3410,3,10,2,75,0
3411,3,10,2,90,0
3412,3,10,2,105,0
3413,3,10,2,120,0
3414,3,10,2,135,0
3415,3,10,2,150,0
3416,3,10,2,165,0
3417,3,10,2,180,0
3418,3,10,2,195,0
3419,3,10,2,210,0
3420,3,10,2,225,0
3421,3,10,2,240,0
3422,3,10,2,255,0
3423,3,10,2,270,0
3424,3,10,2,285,0
3425,3,10,2,300,0
3426,3,10,2,315,0
3427,3,10,2,330,0
3428,3,10,2,345,0
3429,3,10,2,360,0
3430,3,10,2,375,0
3431,3,10,2,390,0
3432,3,10,2,405,0
3433,3,10,2,420,0
3434,3,10,2,435,0
3435,3,10,2,450,0
3436,3,10,2,465,0
3437,3,10,2,480,0
3438,3,10,3,0,0
3439,3,10,3,15,0
3440,3,10,3,30,0
3441,3,10,3,45,0
3442,3,10,3,60,0
3443,3,10,3,75,0
3444,3,10,3,90,0
3445,3,10,3,105,0
3446,3,10,3,120,0
3447,3,10,3,135,0
3448,3,10,3,150,0
3449,3,10,3,165,0
3450,3,10,3,180,0
3451,3,10,3,195,0
3452,3,10,3,210,0
3453,3,10,3,225,0
3454,3,10,3,240,0
3455,3,10,3,255,0
3456,3,10,3,270,0
3457,3,10,3,285,0
3458,3,10,3,300,0
3459,3,10,3,315,0
3460,3,10,3,330,0
3461,3,10,3,345,0
3462,3,10,3,360,0
3463,3,10,3,375,0
3464,3,10,3,390,0
3465,3,10,3,405,0
3466,3,10,3,420,0
3467,3,10,3,435,0
3468,3,10,3,450,0
3469,3,10,3,465,0
3470,3,10,3,480,0
3471,3,10,3,495,0
3472,3,11,1,0,0
3473,3,11,1,15,0
3474,3,11,1,30,0
3475,3,11,1,45,0
3476,3,11,1,60,0
3477,3,11,1,75,0
3478,3,11,1,90,0
3479,3,11,1,105,0
3480,3,11,1,120,0
3481,3,11,1,135,0
3482,3,11,1,150,0
3483,3,11,1,165,0
3484,3,11,1,180,0
3485,3,11,1,195,0
3486,3,11,1,210,0
3487,3,11,1,225,0
3488,3,11,1,240,0
3489,3,11,1,255,0
3490,3,11,1,270,0
3491,3,11,1,285,0
3492,3,11,1,300,0
3493,3,11,1,315,0
3494,3,11,1,330,0
3495,3,11,1,345,0
3496,3,11,1,360,0
3497,3,11,1,375,0
3498,3,11,1,390,0
3499,3,11,1,405,0
3500,3,11,1,420,0
3501,3,11,1,435,0
3502,3,11,1,450,0
3503,3,11,1,465,0
3504,3,11,1,480,0
3505,3,11,1,495,0
3506,3,11,1,510,0
3507,3,11,1,525,0
3508,3,11,1,540,0
3509,3,11,1,555,0
3510,3,11,1,570,0
3511,3,11,1,585,0
3512,3,11,1,600,0
3513,3,11,1,615,0
3514,3,11,1,630,0
3515,3,11,1,645,0
3516,3,11,1,660,0
3517,3,11,1,675,0
3518,3,11,1,690,0
3519,3,11,1,705,0
3520,3,11,1,720,0
3521,3,11,1,735,0
3522,3,11,1,750,0
3523,3,11,1,765,0
3524,3,11,1,780,0
3525,3,11,1,795,0
3526,3,11,1,810,0
3527,3,11,1,825,0
3528,3,11,1,840,0
3529,3,11,1,855,0
3530,3,11,1,870,0
3531,3,11,1,885,0
3532,3,11,1,900,0
3533,3,11,1,915,0
3534,3,11,1,930,0
3535,3,11,1,945,0
3536,3,11,1,960,0
3537,3,11,1,975,0
3538,3,11,1,990,0
3539,3,11,1,1005,0
3540,3,11,1,1020,0
3541,3,11,1,1035,0
3542,3,11,2,0,0
3543,3,11,2,15,0
3544,3,11,2,30,0
3545,3,11,2,45,0
3546,3,11,2,60,0
3547,3,11,2,75,0
3548,3,11,2,90,0
3549,3,11,2,105,0
3550,3,11,2,120,0
3551,3,11,2,135,0
3552,3,11,2,150,0
3553,3,11,2,165,0
3554,3,11,2,180,0
3555,3,11,2,195,0
3556,3,11,2,210,0
3557,3,11,2,225,0
3558,3,11,2,240,0
3559,3,11,2,255,0
3560,3,11,2,270,0
3561,3,11,2,285,0
3562,3,11,2,300,0
3563,3,11,2,315,0
3564,3,11,2,330,0
3565,3,11,2,345,0
3566,3,11,2,360,0
3567,3,11,2,375,0
3568,3,11,2,390,0
3569,3,11,2,405,0
3570,3,11,2,420,0
3571,3,11,2,435,0
3572,3,11,2,450,0
3573,3,11,2,465,0
3574,3,11,2,480,0
3575,3,11,2,495,0
3576,3,11,2,510,0
3577,3,11,2,525,0
3578,3,11,2,540,0
3579,3,11,2,555,0
3580,3,11,2,570,0
3581,3,11,2,585,0
3582,3,11,2,600,0
3583,3,11,2,615,0
3584,3,11,2,630,0
3585,3,11,2,645,0
3586,3,11,2,660,0
3587,3,11,2,675,0
3588,3,11,2,690,0
3589,3,11,2,705,0
3590,3,11,2,720,0
3591,3,11,2,735,0
3592,3,11,2,750,0
3593,3,11,2,765,0
3594,3,11,2,780,0
3595,3,11,2,795,0
3596,3,11,2,810,0
3597,3,11,2,825,0
3598,3,11,2,840,0
3599,3,11,2,855,0
3600,3,11,2,870,0
3601,3,11,2,885,0
3602,3,11,2,900,0
3603,3,11,2,915,0
3604,3,11,2,930,0
3605,3,11,2,945,0
3606,3,11,2,960,0
3607,3,11,2,975,0
3608,3,11,2,990,0
3609,3,11,2,1005,0
3610,3,11,2,1020,0
3611,3,11,2,1035,0
3612,3,11,3,0,0
3613,3,11,3,15,0
3614,3,11,3,30,0
3615,3,11,3,45,0
3616,3,11,3,60,0
3617,3,11,3,75,0
3618,3,11,3,90,0
3619,3,11,3,105,0
3620,3,11,3,120,0
3621,3,11,3,135,0
3622,3,11,3,150,0
3623,3,11,3,165,0
3624,3,11,3,180,0
3625,3,11,3,195,0
3626,3,11,3,210,0
3627,3,11,3,225,0
3628,3,11,3,240,0
3629,3,11,3,255,0
3630,3,11,3,270,0
3631,3,11,3,285,0
3632,3,11,3,300,0
3633,3,11,3,315,0
3634,3,11,3,330,0
3635,3,11,3,345,0
3636,3,11,3,360,0
3637,3,11,3,375,0
3638,3,11,3,390,0
3639,3,11,3,405,0
3640,3,11,3,420,0
3641,3,11,3,435,0
3642,3,11,3,450,0
3643,3,11,3,465,0
3644,3,11,3,480,0
3645,3,11,3,495,0
3646,3,11,3,510,0
3647,3,11,3,525,0
3648,3,11,3,540,0
3649,3,11,3,555,0
3650,3,11,3,570,0
3651,3,11,3,585,0
3652,3,11,3,600,0
3653,3,11,3,615,0
3654,3,11,3,630,0
3655,3,11,3,645,0
3656,3,11,3,660,0
3657,3,11,3,675,0
3658,3,11,3,690,0
3659,3,11,3,705,0
3660,3,11,3,720,0
3661,3,11,3,735,0
3662,3,11,3,750,0
3663,3,11,3,765,0
3664,3,11,3,780,0
3665,3,11,3,795,0
3666,3,11,3,810,0
3667,3,11,3,825,0
3668,3,11,3,840,0
3669,3,11,3,855,0
3670,3,11,3,870,0
3671,3,11,3,885,0
3672,3,11,3,900,0
3673,3,11,3,915,0
3674,3,11,3,930,0
3675,3,11,3,945,0
3676,3,11,3,960,0
3677,3,11,3,975,0
3678,3,11,3,990,0
3679,3,11,3,1005,0
3680,3,2,1,0,1
3681,3,2,1,15,1
3682,3,2,1,30,1
3683,3,2,1,45,1
3684,3,2,1,60,1
3685,3,2,1,75,1
3686,3,2,1,90,1
3687,3,2,1,105,1
3688,3,2,1,120,1
3689,3,2,1,135,1
3690,3,2,1,150,1
3691,3,2,2,0,1
3692,3,2,2,15,1
3693,3,2,2,30,1
3694,3,2,2,45,1
3695,3,2,2,60,1
3696,3,2,2,75,1
3697,3,2,2,90,1
3698,3,2,2,105,1
3699,3,2,2,120,1
3700,3,2,2,135,1
3701,3,2,3,0,1
3702,3,2,3,15,1
3703,3,2,3,30,1
3704,3,2,3,45,1
3705,3,2,3,60,1
3706,3,2,3,75,1
3707,3,2,3,90,1
3708,3,2,3,105,1
3709,3,2,3,120,1
3710,3,2,3,135,1
3711,3,2,3,150,1
3712,3,3,1,0,1
3713,3,3,1,15,1
3714,3,3,1,30,1
3715,3,3,1,45,1
3716,3,3,1,60,1
3717,3,3,1,75,1
3718,3,3,1,90,1
3719,3,3,1,105,1
3720,3,3,1,120,1
3721,3,3,1,135,1
3722,3,3,1,150,1
3723,3,3,2,0,1
3724,3,3,2,15,1
3725,3,3,2,30,1
3726,3,3,2,45,1
3727,3,3,2,60,1
3728,3,3,2,75,1
3729,3,3,2,90,1
3730,3,3,2,105,1
3731,3,3,2,120,1
3732,3,3,2,135,1
3733,3,3,2,150,1
3734,3,3,3,0,1
3735,3,3,3,15,1
3736,3,3,3,30,1
3737,3,3,3,45,1
3738,3,3,3,60,1
3739,3,3,3,75,1
3740,3,3,3,90,1
3741,3,3,3,105,1
3742,3,3,3,120,1
3743,3,3,3,135,1
3744,3,3,3,150,1
3745,3,4,1,0,1
3746,3,4,1,15,1
3747,3,4,1,30,1
3748,3,4,1,45,1
3749,3,4,1,60,1
3750,3,4,1,75,1
3751,3,4,1,90,1
3752,3,4,1,105,1
3753,3,4,1,120,1
3754,3,4,1,135,1
3755,3,4,1,150,1
3756,3,4,2,0,1
3757,3,4,2,15,1
3758,3,4,2,30,1
3759,3,4,2,45,1
3760,3,4,2,60,1
3761,3,4,2,75,1
3762,3,4,2,90,1
3763,3,4,2,105,1
3764,3,4,2,120,1
3765,3,4,2,135,1
3766,3,4,2,150,1
3767,3,4,3,0,1
3768,3,4,3,15,1
3769,3,4,3,30,1
3770,3,4,3,45,1
3771,3,4,3,60,1
3772,3,4,3,75,1
3773,3,4,3,90,1
3774,3,4,3,105,1
3775,3,4,3,120,1
3776,3,4,3,135,1
3777,3,4,3,150,1
3778,3,5,1,0,1
3779,3,5,1,15,1
3780,3,5,1,30,1
3781,3,5,1,45,1
3782,3,5,1,60,1
3783,3,5,1,75,1
3784,3,5,1,90,1
3785,3,5,1,105,1
3786,3,5,1,120,1
3787,3,5,1,135,1
3788,3,5,1,150,1
3789,3,5,2,0,1
3790,3,5,2,15,1
3791,3,5,2,30,1
3792,3,5,2,45,1
3793,3,5,2,60,1
3794,3,5,2,75,1
3795,3,5,2,90,1
3796,3,5,2,105,1
3797,3,5,2,120,1
3798,3,5,2,135,1
3799,3,5,3,0,1
3800,3,5,3,15,1
3801,3,5,3,30,1
3802,3,5,3,45,1
3803,3,5,3,60,1
3804,3,5,3,75,1
3805,3,5,3,90,1
3806,3,5,3,105,1
3807,3,5,3,120,1
3808,3,5,3,135,1
3809,3,5,3,150,1
3810,3,6,1,0,0
3811,3,6,1,15,0
3812,3,6,1,30,0
3813,3,6,1,45,0
3814,3,6,1,60,0
3815,3,6,1,75,0
3816,3,6,1,90,0
3817,3,6,1,105,0
3818,3,6,1,120,0
3819,3,6,1,135,0
3820,3,6,1,150,0
3821,3,6,1,165,0
3822,3,6,1,180,0
3823,3,6,1,195,0
3824,3,6,1,210,0
3825,3,6,1,225,0
3826,3,6,1,240,0
3827,3,6,1,255,0
3828,3,6,1,270,0
3829,3,6,1,285,0
3830,3,6,1,300,0
3831,3,6,1,315,0
3832,3,6,1,330,0
3833,3,6,1,345,0
3834,3,6,1,360,0
3835,3,6,1,375,0
3836,3,6,1,390,0
3837,3,6,1,405,0
3838,3,6,1,420,0
3839,3,6,1,435,0
3840,3,6,1,450,0
3841,3,6,1,465,0
3842,3,6,1,480,0
3843,3,6,1,495,0
3844,3,6,1,510,0
3845,3,6,1,525,0
3846,3,6,1,540,0
3847,3,6,1,555,0
3848,3,6,1,570,0
3849,3,6,1,585,0
3850,3,6,1,600,0
3851,3,6,1,615,0
3852,3,6,1,630,0
3853,3,6,1,645,0
3854,3,6,1,660,0
3855,3,6,1,675,0
3856,3,6,1,690,0
3857,3,6,1,705,0
3858,3,6,1,720,0
3859,3,6,1,735,0
3860,3,6,1,750,0
3861,3,6,1,765,0
3862,3,6,1,780,0
3863,3,6,1,795,0
3864,3,6,1,810,0
3865,3,6,1,825,0
3866,3,6,1,840,0
3867,3,6,1,855,0
3868,3,6,1,870,0
3869,3,6,1,885,0
3870,3,6,1,900,0
3871,3,6,1,915,0
3872,3,6,1,930,0
3873,3,6,1,945,0
3874,3,6,1,960,0
3875,3,6,1,975,0
3876,3,6,1,990,0
3877,3,6,1,1005,0
3878,3,6,1,1020,0
3879,3,6,1,1035,0
3880,3,6,1,1050,0
3881,3,6,1,1065,0
3882,3,6,1,1080,0
3883,3,6,2,0,0
3884,3,6,2,15,0
3885,3,6,2,30,0
3886,3,6,2,45,0
3887,3,6,2,60,0
3888,3,6,2,75,0
3889,3,6,2,90,0
3890,3,6,2,105,0
3891,3,6,2,120,0
3892,3,6,2,135,0
3893,3,6,2,150,0
3894,3,6,2,165,0
3895,3,6,2,180,0
3896,3,6,2,195,0
3897,3,6,2,210,0
3898,3,6,2,225,0
3899,3,6,2,240,0
3900,3,6,2,255,0
3901,3,6,2,270,0
3902,3,6,2,285,0
3903,3,6,2,300,0
3904,3,6,2,315,0
3905,3,6,2,330,0
3906,3,6,2,345,0
3907,3,6,2,360,0
3908,3,6,2,375,0
3909,3,6,2,390,0
3910,3,6,2,405,0
3911,3,6,2,420,0
3912,3,6,2,435,0
3913,3,6,2,450,0
3914,3,6,2,465,0
3915,3,6,2,480,0
3916,3,6,2,495,0
3917,3,6,2,510,0
3918,3,6,2,525,0
3919,3,6,2,540,0
3920,3,6,2,555,0
3921,3,6,2,570,0
3922,3,6,2,585,0
3923,3,6,2,600,0
3924,3,6,2,615,0
3925,3,6,2,630,0
3926,3,6,2,645,0
3927,3,6,2,660,0
3928,3,6,2,675,0
3929,3,6,2,690,0
3930,3,6,2,705,0
3931,3,6,2,720,0
3932,3,6,2,735,0
3933,3,6,2,750,0
3934,3,6,2,765,0
3935,3,6,2,780,0
3936,3,6,2,795,0
3937,3,6,2,810,0
3938,3,6,2,825,0
3939,3,6,2,840,0
3940,3,6,2,855,0
3941,3,6,2,870,0
3942,3,6,2,885,0
3943,3,6,2,900,0
3944,3,6,2,915,0
3945,3,6,2,930,0
3946,3,6,2,945,0
3947,3,6,2,960,0
3948,3,6,2,975,0
3949,3,6,2,990,0
3950,3,6,2,1005,0
3951,3,6,2,1020,0
3952,3,6,2,1035,0
3953,3,6,2,1050,0
3954,3,6,2,1065,0
3955,3,6,3,0,0
3956,3,6,3,15,0
3957,3,6,3,30,0
3958,3,6,3,45,0
3959,3,6,3,60,0
3960,3,6,3,75,0
3961,3,6,3,90,0
3962,3,6,3,105,0
3963,3,6,3,120,0
3964,3,6,3,135,0
3965,3,6,3,150,0
3966,3,6,3,165,0
3967,3,6,3,180,0
3968,3,6,3,195,0
3969,3,6,3,210,0
3970,3,6,3,225,0
3971,3,6,3,240,0
3972,3,6,3,255,0
3973,3,6,3,270,0
3974,3,6,3,285,0
3975,3,6,3,300,0
3976,3,6,3,315,0
3977,3,6,3,330,0
3978,3,6,3,345,0
3979,3,6,3,360,0
3980,3,6,3,375,0
3981,3,6,3,390,0
3982,3,6,3,405,0
3983,3,6,3,420,0
3984,3,6,3,435,0
3985,3,6,3,450,0
3986,3,6,3,465,0
3987,3,6,3,480,0
3988,3,6,3,495,0
3989,3,6,3,510,0
3990,3,6,3,525,0
3991,3,6,3,540,0
3992,3,6,3,555,0
3993,3,6,3,570,0
3994,3,6,3,585,0
3995,3,6,3,600,0
3996,3,6,3,615,0
3997,3,6,3,630,0
3998,3,6,3,645,0
3999,3,6,3,660,0
4000,3,6,3,675,0
4001,3,6,3,690,0
4002,3,6,3,705,0
4003,3,6,3,720,0
4004,3,6,3,735,0
4005,3,6,3,750,0
4006,3,6,3,765,0
4007,3,6,3,780,0
4008,3,6,3,795,0
4009,3,6,3,810,0
4010,3,6,3,825,0
4011,3,6,3,840,0
4012,3,6,3,855,0
4013,3,6,3,870,0
4014,3,6,3,885,0
4015,3,6,3,900,0
4016,3,6,3,915,0
4017,3,6,3,930,0
4018,3,6,3,945,0
4019,3,6,3,960,0
4020,3,6,3,975,0
4021,3,6,3,990,0
4022,3,6,3,1005,0
4023,3,6,3,1020,0
4024,3,7,1,0,0
4025,3,7,1,15,0
4026,3,7,1,30,0
4027,3,7,1,45,0
4028,3,7,1,60,0
4029,3,7,1,75,0
4030,3,7,1,90,0
4031,3,7,1,105,0
4032,3,7,1,120,0
4033,3,7,1,135,0
4034,3,7,1,150,0
4035,3,7,1,165,0
4036,3,7,1,180,0
4037,3,7,1,195,0
4038,3,7,1,210,0
4039,3,7,1,225,0
4040,3,7,1,240,0
4041,3,7,1,255,0
4042,3,7,1,270,0
4043,3,7,1,285,0
4044,3,7,1,300,0
4045,3,7,1,315,0
4046,3,7,1,330,0
4047,3,7,1,345,0
4048,3,7,1,360,0
4049,3,7,1,375,0
4050,3,7,1,390,0
4051,3,7,1,405,0
4052,3,7,1,420,0
4053,3,7,1,435,0
4054,3,7,1,450,0
4055,3,7,1,465,0
4056,3,7,1,480,0
4057,3,7,1,495,0
4058,3,7,1,510,0
4059,3,7,1,525,0
4060,3,7,1,540,0
4061,3,7,1,555,0
4062,3,7,1,570,0
4063,3,7,1,585,0
4064,3,7,1,600,0
4065,3,7,1,615,0
4066,3,7,1,630,0
4067,3,7,1,645,0
4068,3,7,1,660,0
4069,3,7,1,675,0
4070,3,7,1,690,0
4071,3,7,1,705,0
4072,3,7,1,720,0
4073,3,7,1,735,0
4074,3,7,1,750,0
4075,3,7,1,765,0
4076,3,7,1,780,0
4077,3,7,1,795,0
4078,3,7,1,810,0
4079,3,7,1,825,0
4080,3,7,1,840,0
4081,3,7,1,855,0
4082,3,7,1,870,0
4083,3,7,1,885,0
4084,3,7,1,900,0
4085,3,7,1,915,0
4086,3,7,1,930,0
4087,3,7,1,945,0
4088,3,7,1,960,0
4089,3,7,1,975,0
4090,3,7,1,990,0
4091,3,7,1,1005,0
4092,3,7,1,1020,0
4093,3,7,1,1035,0
4094,3,7,1,1050,0
4095,3,7,1,1065,0
4096,3,7,2,0,0
4097,3,7,2,15,0
4098,3,7,2,30,0
4099,3,7,2,45,0
4100,3,7,2,60,0
4101,3,7,2,75,0
4102,3,7,2,90,0
4103,3,7,2,105,0
4104,3,7,2,120,0
4105,3,7,2,135,0
4106,3,7,2,150,0
4107,3,7,2,165,0
4108,3,7,2,180,0
4109,3,7,2,195,0
4110,3,7,2,210,0
4111,3,7,2,225,0
4112,3,7,2,240,0
4113,3,7,2,255,0
4114,3,7,2,270,0
4115,3,7,2,285,0
4116,3,7,2,300,0
4117,3,7,2,315,0
4118,3,7,2,330,0
4119,3,7,2,345,0
4120,3,7,2,360,0
4121,3,7,2,375,0
4122,3,7,2,390,0
4123,3,7,2,405,0
4124,3,7,2,420,0
4125,3,7,2,435,0
4126,3,7,2,450,0
4127,3,7,2,465,0
4128,3,7,2,480,0
4129,3,7,2,495,0
4130,3,7,2,510,0
4131,3,7,2,525,0
4132,3,7,2,540,0
4133,3,7,2,555,0
4134,3,7,2,570,0
4135,3,7,2,585,0
4136,3,7,2,600,0
4137,3,7,2,615,0
4138,3,7,2,630,0
4139,3,7,2,645,0
4140,3,7,2,660,0
4141,3,7,2,675,0
4142,3,7,2,690,0
4143,3,7,2,705,0
4144,3,7,2,720,0
4145,3,7,2,735,0
4146,3,7,2,750,0
4147,3,7,2,765,0
4148,3,7,2,780,0
4149,3,7,2,795,0
4150,3,7,2,810,0
4151,3,7,2,825,0
4152,3,7,2,840,0
4153,3,7,2,855,0
4154,3,7,2,870,0
4155,3,7,2,885,0
4156,3,7,2,900,0
4157,3,7,2,915,0
4158,3,7,2,930,0
4159,3,7,2,945,0
4160,3,7,2,960,0
4161,3,7,2,975,0
4162,3,7,2,990,0
4163,3,7,2,1005,0
4164,3,7,2,1020,0
4165,3,7,2,1035,0
4166,3,7,3,0,0
4167,3,7,3,15,0
4168,3,7,3,30,0
4169,3,7,3,45,0
4170,3,7,3,60,0
4171,3,7,3,75,0
4172,3,7,3,90,0
4173,3,7,3,105,0
4174,3,7,3,120,0
4175,3,7,3,135,0
4176,3,7,3,150,0
4177,3,7,3,165,0
4178,3,7,3,180,0
4179,3,7,3,195,0
4180,3,7,3,210,0
4181,3,7,3,225,0
4182,3,7,3,240,0
4183,3,7,3,255,0
4184,3,7,3,270,0
4185,3,7,3,285,0
4186,3,7,3,300,0
4187,3,7,3,315,0
4188,3,7,3,330,0
4189,3,7,3,345,0
4190,3,7,3,360,0
4191,3,7,3,375,0
4192,3,7,3,390,0
4193,3,7,3,405,0
4194,3,7,3,420,0
4195,3,7,3,435,0
4196,3,7,3,450,0
4197,3,7,3,465,0
4198,3,7,3,480,0
4199,3,7,3,495,0
4200,3,7,3,510,0
4201,3,7,3,525,0
4202,3,7,3,540,0
4203,3,7,3,555,0
4204,3,7,3,570,0
4205,3,7,3,585,0
4206,3,7,3,600,0
4207,3,7,3,615,0
4208,3,7,3,630,0
4209,3,7,3,645,0
4210,3,7,3,660,0
4211,3,7,3,675,0
4212,3,7,3,690,0
4213,3,7,3,705,0
4214,3,7,3,720,0
4215,3,7,3,735,0
4216,3,7,3,750,0
4217,3,7,3,765,0
4218,3,7,3,780,0
4219,3,7,3,795,0
4220,3,7,3,810,0
4221,3,7,3,825,0
4222,3,7,3,840,0
4223,3,7,3,855,0
4224,3,7,3,870,0
4225,3,7,3,885,0
4226,3,7,3,900,0
4227,3,7,3,915,0
4228,3,7,3,930,0
4229,3,7,3,945,0
4230,3,7,3,960,0
4231,3,7,3,975,0
4232,3,7,3,990,0
4233,3,7,3,1005,0
4234,3,7,3,1020,0
4235,3,7,3,1035,0
4236,3,7,3,1050,0
4237,3,8,1,0,0
4238,3,8,1,15,0
4239,3,8,1,30,0
4240,3,8,1,45,0
4241,3,8,1,60,0
4242,3,8,1,75,0
4243,3,8,1,90,0
4244,3,8,1,105,0
4245,3,8,1,120,0
4246,3,8,1,135,0
4247,3,8,1,150,0
4248,3,8,1,165,0
4249,3,8,1,180,0
4250,3,8,1,195,0
4251,3,8,1,210,0
4252,3,8,1,225,0
4253,3,8,1,240,0
4254,3,8,1,255,0
4255,3,8,1,270,0
4256,3,8,1,285,0
4257,3,8,1,300,0
4258,3,8,1,315,0
4259,3,8,1,330,0
4260,3,8,1,345,0
4261,3,8,1,360,0
4262,3,8,1,375,0
4263,3,8,1,390,0
4264,3,8,1,405,0
4265,3,8,1,420,0
4266,3,8,1,435,0
4267,3,8,1,450,0
4268,3,8,1,465,0
4269,3,8,1,480,0
4270,3,8,1,495,0
4271,3,8,1,510,0
4272,3,8,1,525,0
4273,3,8,1,540,0
4274,3,8,1,555,0
4275,3,8,1,570,0
4276,3,8,1,585,0
4277,3,8,1,600,0
4278,3,8,1,615,0
4279,3,8,1,630,0
4280,3,8,1,645,0
4281,3,8,1,660,0
4282,3,8,1,675,0
4283,3,8,1,690,0
4284,3,8,1,705,0
4285,3,8,1,720,0
4286,3,8,1,735,0
4287,3,8,1,750,0
4288,3,8,1,765,0
4289,3,8,1,780,0
4290,3,8,1,795,0
4291,3,8,1,810,0
4292,3,8,1,825,0
4293,3,8,1,840,0
4294,3,8,1,855,0
4295,3,8,1,870,0
4296,3,8,1,885,0
4297,3,8,1,900,0
4298,3,8,1,915,0
4299,3,8,1,930,0
4300,3,8,1,945,0
4301,3,8,1,960,0
4302,3,8,1,975,0
4303,3,8,1,990,0
4304,3,8,1,1005,0
4305,3,8,1,1020,0
4306,3,8,1,1035,0
4307,3,8,1,1050,0
4308,3,8,2,0,0
4309,3,8,2,15,0
4310,3,8,2,30,0
4311,3,8,2,45,0
4312,3,8,2,60,0
4313,3,8,2,75,0
4314,3,8,2,90,0
4315,3,8,2,105,0
4316,3,8,2,120,0
4317,3,8,2,135,0
4318,3,8,2,150,0
4319,3,8,2,165,0
4320,3,8,2,180,0
4321,3,8,2,195,0
4322,3,8,2,210,0
4323,3,8,2,225,0
4324,3,8,2,240,0
4325,3,8,2,255,0
4326,3,8,2,270,0
4327,3,8,2,285,0
4328,3,8,2,300,0
4329,3,8,2,315,0
4330,3,8,2,330,0
4331,3,8,2,345,0
4332,3,8,2,360,0
4333,3,8,2,375,0
4334,3,8,2,390,0
4335,3,8,2,405,0
4336,3,8,2,420,0
4337,3,8,2,435,0
4338,3,8,2,450,0
4339,3,8,2,465,0
4340,3,8,2,480,0
4341,3,8,2,495,0
4342,3,8,2,510,0
4343,3,8,2,525,0
4344,3,8,2,540,0
4345,3,8,2,555,0
4346,3,8,2,570,0
4347,3,8,2,585,0
4348,3,8,2,600,0
4349,3,8,2,615,0
4350,3,8,2,630,0
4351,3,8,2,645,0
4352,3,8,2,660,0
4353,3,8,2,675,0
4354,3,8,2,690,0
4355,3,8,2,705,0
4356,3,8,2,720,0
4357,3,8,2,735,0
4358,3,8,2,750,0
4359,3,8,2,765,0
4360,3,8,2,780,0
4361,3,8,2,795,0
4362,3,8,2,810,0
4363,3,8,2,825,0
4364,3,8,2,840,0
4365,3,8,2,855,0
4366,3,8,2,870,0
4367,3,8,2,885,0
4368,3,8,2,900,0
4369,3,8,2,915,0
4370,3,8,2,930,0
4371,3,8,2,945,0
4372,3,8,2,960,0
4373,3,8,2,975,0
4374,3,8,2,990,0
4375,3,8,2,1005,0
4376,3,8,2,1020,0
4377,3,8,2,1035,0
4378,3,8,3,0,0
4379,3,8,3,15,0
4380,3,8,3,30,0
4381,3,8,3,45,0
4382,3,8,3,60,0
4383,3,8,3,75,0
4384,3,8,3,90,0
4385,3,8,3,105,0
4386,3,8,3,120,0
4387,3,8,3,135,0
4388,3,8,3,150,0
4389,3,8,3,165,0
4390,3,8,3,180,0
4391,3,8,3,195,0
4392,3,8,3,210,0
4393,3,8,3,225,0
4394,3,8,3,240,0
4395,3,8,3,255,0
4396,3,8,3,270,0
4397,3,8,3,285,0
4398,3,8,3,300,0
4399,3,8,3,315,0
4400,3,8,3,330,0
4401,3,8,3,345,0
4402,3,8,3,360,0
4403,3,8,3,375,0
4404,3,8,3,390,0
4405,3,8,3,405,0
4406,3,8,3,420,0
4407,3,8,3,435,0
4408,3,8,3,450,0
4409,3,8,3,465,0
4410,3,8,3,480,0
4411,3,8,3,495,0
4412,3,8,3,510,0
4413,3,8,3,525,0
4414,3,8,3,540,0
4415,3,8,3,555,0
4416,3,8,3,570,0
4417,3,8,3,585,0
4418,3,8,3,600,0
4419,3,8,3,615,0
4420,3,8,3,630,0
4421,3,8,3,645,0
4422,3,8,3,660,0
4423,3,8,3,675,0
4424,3,8,3,690,0
4425,3,8,3,705,0
4426,3,8,3,720,0
4427,3,8,3,735,0
4428,3,8,3,750,0
4429,3,8,3,765,0
4430,3,8,3,780,0
4431,3,8,3,795,0
4432,3,8,3,810,0
4433,3,8,3,825,0
4434,3,8,3,840,0
4435,3,8,3,855,0
4436,3,8,3,870,0
4437,3,8,3,885,0
4438,3,8,3,900,0
4439,3,8,3,915,0
4440,3,8,3,930,0
4441,3,8,3,945,0
4442,3,8,3,960,0
4443,3,8,3,975,0
4444,3,8,3,990,0
4445,3,8,3,1005,0
4446,3,8,3,1020,0
4447,3,8,3,1035,0
4448,3,9,1,0,0
4449,3,9,1,15,0
4450,3,9,1,30,0
4451,3,9,1,45,0
4452,3,9,1,60,0
4453,3,9,1,75,0
4454,3,9,1,90,0
4455,3,9,1,105,0
4456,3,9,1,120,0
4457,3,9,1,135,0
4458,3,9,2,0,0
4459,3,9,2,15,0
4460,3,9,2,30,0
4461,3,9,2,45,0
4462,3,9,2,60,0
4463,3,9,2,75,0
4464,3,9,2,90,0
4465,3,9,2,105,0
4466,3,9,2,120,0
4467,3,9,2,135,0
4468,3,9,3,0,0
4469,3,9,3,15,0
4470,3,9,3,30,0
4471,3,9,3,45,0
4472,3,9,3,60,0
4473,3,9,3,75,0
4474,3,9,3,90,0
4475,3,9,3,105,0
4476,3,9,3,120,0
4477,3,9,3,135,0
4478,4,1,1,0,1
4479,4,1,1,15,1
4480,4,1,1,30,1
4481,4,1,1,45,1
4482,4,1,1,60,1
4483,4,1,1,75,1
4484,4,1,1,90,1
4485,4,1,1,105,1
4486,4,1,1,120,1
4487,4,1,1,135,1
4488,4,1,1,150,1
4489,4,1,2,0,1
4490,4,1,2,15,1
4491,4,1,2,30,1
4492,4,1,2,45,1
4493,4,1,2,60,1
4494,4,1,2,75,1
4495,4,1,2,90,1
4496,4,1,2,105,1
4497,4,1,2,120,1
4498,4,1,2,135,1
4499,4,1,2,150,1
4500,4,1,3,0,1
4501,4,1,3,15,1
4502,4,1,3,30,1
4503,4,1,3,45,1
4504,4,1,3,60,1
4505,4,1,3,75,1
4506,4,1,3,90,1
4507,4,1,3,105,1
4508,4,1,3,120,1
4509,4,1,3,135,1
4510,4,1,3,150,1
4511,4,10,1,0,0
4512,4,10,1,15,0
4513,4,10,1,30,0
4514,4,10,1,45,0
4515,4,10,1,60,0
4516,4,10,1,75,0
4517,4,10,1,90,0
4518,4,10,1,105,0
4519,4,10,1,120,0
4520,4,10,1,135,0
4521,4,10,1,150,0
4522,4,10,1,165,0
4523,4,10,1,180,0
4524,4,10,1,195,0
4525,4,10,1,210,0
4526,4,10,1,225,0
4527,4,10,1,240,0
4528,4,10,1,255,0
4529,4,10,1,270,0
4530,4,10,1,285,0
4531,4,10,1,300,0
4532,4,10,1,315,0
4533,4,10,1,330,0
4534,4,10,1,345,0
4535,4,10,1,360,0
4536,4,10,1,375,0
4537,4,10,1,390,0
4538,4,10,1,405,0
4539,4,10,1,420,0
4540,4,10,1,435,0
4541,4,10,1,450,0
4542,4,10,1,465,0
4543,4,10,1,480,0
4544,4,10,1,495,0
4545,4,10,2,0,0
4546,4,10,2,15,0
4547,4,10,2,30,0
4548,4,10,2,45,0
4549,4,10,2,60,0
4550,4,10,2,75,0
4551,4,10,2,90,0
4552,4,10,2,105,0
4553,4,10,2,120,0
4554,4,10,2,135,0
4555,4,10,2,150,0
4556,4,10,2,165,0
4557,4,10,2,180,0
4558,4,10,2,195,0
4559,4,10,2,210,0
4560,4,10,2,225,0
4561,4,10,2,240,0
4562,4,10,2,255,0
4563,4,10,2,270,0
4564,4,10,2,285,0
4565,4,10,2,300,0
4566,4,10,2,315,0
4567,4,10,2,330,0
4568,4,10,2,345,0
4569,4,10,2,360,0
4570,4,10,2,375,0
4571,4,10,2,390,0
4572,4,10,2,405,0
4573,4,10,2,420,0
4574,4,10,2,435,0
4575,4,10,2,450,0
4576,4,10,2,465,0
4577,4,10,2,480,0
4578,4,10,2,495,0
4579,4,10,3,0,0
4580,4,10,3,15,0
4581,4,10,3,30,0
4582,4,10,3,45,0
4583,4,10,3,60,0
4584,4,10,3,75,0
4585,4,10,3,90,0
4586,4,10,3,105,0
4587,4,10,3,120,0
4588,4,10,3,135,0
4589,4,10,3,150,0
4590,4,10,3,165,0
4591,4,10,3,180,0
4592,4,10,3,195,0
4593,4,10,3,210,0
4594,4,10,3,225,0
4595,4,10,3,240,0
4596,4,10,3,255,0
4597,4,10,3,270,0
4598,4,10,3,285,0
4599,4,10,3,300,0
4600,4,10,3,315,0
4601,4,10,3,330,0
4602,4,10,3,345,0
4603,4,10,3,360,0
4604,4,10,3,375,0
4605,4,10,3,390,0
4606,4,10,3,405,0
4607,4,10,3,420,0
4608,4,10,3,435,0
4609,4,10,3,450,0
4610,4,10,3,465,0
4611,4,10,3,480,0
4612,4,10,3,495,0
4613,4,11,1,0,0
4614,4,11,1,15,0
4615,4,11,1,30,0
4616,4,11,1,45,0
4617,4,11,1,60,0
4618,4,11,1,75,0
4619,4,11,1,90,0
4620,4,11,1,105,0
4621,4,11,1,120,0
4622,4,11,1,135,0
4623,4,11,1,150,0
4624,4,11,1,165,0
4625,4,11,1,180,0
4626,4,11,1,195,0
4627,4,11,1,210,0
4628,4,11,1,225,0
4629,4,11,1,240,0
4630,4,11,1,255,0
4631,4,11,1,270,0
4632,4,11,1,285,0
4633,4,11,1,300,0
4634,4,11,1,315,0
4635,4,11,1,330,0
4636,4,11,1,345,0
4637,4,11,1,360,0
4638,4,11,1,375,0
4639,4,11,1,390,0
4640,4,11,1,405,0
4641,4,11,1,420,0
4642,4,11,1,435,0
4643,4,11,1,450,0
4644,4,11,1,465,0
4645,4,11,1,480,0
4646,4,11,1,495,0
4647,4,11,1,510,0
4648,4,11,1,525,0
4649,4,11,1,540,0
4650,4,11,1,555,0
4651,4,11,1,570,0
4652,4,11,1,585,0
4653,4,11,1,600,0
4654,4,11,1,615,0
4655,4,11,1,630,0
4656,4,11,1,645,0
4657,4,11,1,660,0
4658,4,11,1,675,0
4659,4,11,1,690,0
4660,4,11,1,705,0
4661,4,11,1,720,0
4662,4,11,1,735,0
4663,4,11,1,750,0
4664,4,11,1,765,0
4665,4,11,1,780,0
4666,4,11,1,795,0
4667,4,11,1,810,0
4668,4,11,1,825,0
4669,4,11,1,840,0
4670,4,11,1,855,0
4671,4,11,1,870,0
4672,4,11,1,885,0
4673,4,11,1,900,0
4674,4,11,1,915,0
4675,4,11,1,930,0
4676,4,11,1,945,0
4677,4,11,1,960,0
4678,4,11,1,975,0
4679,4,11,1,990,0
4680,4,11,1,1005,0
4681,4,11,1,1020,0
4682,4,11,2,0,0
4683,4,11,2,15,0
4684,4,11,2,30,0
4685,4,11,2,45,0
4686,4,11,2,60,0
4687,4,11,2,75,0
4688,4,11,2,90,0
4689,4,11,2,105,0
4690,4,11,2,120,0
4691,4,11,2,135,0
4692,4,11,2,150,0
4693,4,11,2,165,0
4694,4,11,2,180,0
4695,4,11,2,195,0
4696,4,11,2,210,0
4697,4,11,2,225,0
4698,4,11,2,240,0
4699,4,11,2,255,0
4700,4,11,2,270,0
4701,4,11,2,285,0
4702,4,11,2,300,0
4703,4,11,2,315,0
4704,4,11,2,330,0
4705,4,11,2,345,0
4706,4,11,2,360,0
4707,4,11,2,375,0
4708,4,11,2,390,0
4709,4,11,2,405,0
4710,4,11,2,420,0
4711,4,11,2,435,0
4712,4,11,2,450,0
4713,4,11,2,465,0
4714,4,11,2,480,0
4715,4,11,2,495,0
4716,4,11,2,510,0
4717,4,11,2,525,0
4718,4,11,2,540,0
4719,4,11,2,555,0
4720,4,11,2,570,0
4721,4,11,2,585,0
4722,4,11,2,600,0
4723,4,11,2,615,0
4724,4,11,2,630,0
4725,4,11,2,645,0
4726,4,11,2,660,0
4727,4,11,2,675,0
4728,4,11,2,690,0
4729,4,11,2,705,0
4730,4,11,2,720,0
4731,4,11,2,735,0
4732,4,11,2,750,0
4733,4,11,2,765,0
4734,4,11,2,780,0
4735,4,11,2,795,0
4736,4,11,2,810,0
4737,4,11,2,825,0
4738,4,11,2,840,0
4739,4,11,2,855,0
4740,4,11,2,870,0
4741,4,11,2,885,0
4742,4,11,2,900,0
4743,4,11,2,915,0
4744,4,11,2,930,0
4745,4,11,2,945,0
4746,4,11,2,960,0
4747,4,11,2,975,0
4748,4,11,2,990,0
4749,4,11,2,1005,0
4750,4,11,2,1020,0
4751,4,11,3,0,0
4752,4,11,3,15,0
4753,4,11,3,30,0
4754,4,11,3,45,0
4755,4,11,3,60,0
4756,4,11,3,75,0
4757,4,11,3,90,0
4758,4,11,3,105,0
4759,4,11,3,120,0
4760,4,11,3,135,0
4761,4,11,3,150,0
4762,4,11,3,165,0
4763,4,11,3,180,0
4764,4,11,3,195,0
4765,4,11,3,210,0
4766,4,11,3,225,0
4767,4,11,3,240,0
4768,4,11,3,255,0
4769,4,11,3,270,0
4770,4,11,3,285,0
4771,4,11,3,300,0
4772,4,11,3,315,0
4773,4,11,3,330,0
4774,4,11,3,345,0
4775,4,11,3,360,0
4776,4,11,3,375,0
4777,4,11,3,390,0
4778,4,11,3,405,0
4779,4,11,3,420,0
4780,4,11,3,435,0
4781,4,11,3,450,0
4782,4,11,3,465,0
4783,4,11,3,480,0
4784,4,11,3,495,0
4785,4,11,3,510,0
4786,4,11,3,525,0
4787,4,11,3,540,0
4788,4,11,3,555,0
4789,4,11,3,570,0
4790,4,11,3,585,0
4791,4,11,3,600,0
4792,4,11,3,615,0
4793,4,11,3,630,0
4794,4,11,3,645,0
4795,4,11,3,660,0
4796,4,11,3,675,0
4797,4,11,3,690,0
4798,4,11,3,705,0
4799,4,11,3,720,0
4800,4,11,3,735,0
4801,4,11,3,750,0
4802,4,11,3,765,0
4803,4,11,3,780,0
4804,4,11,3,795,0
4805,4,11,3,810,0
4806,4,11,3,825,0
4807,4,11,3,840,0
4808,4,11,3,855,0
4809,4,11,3,870,0
4810,4,11,3,885,0
4811,4,11,3,900,0
4812,4,11,3,915,0
4813,4,11,3,930,0
4814,4,11,3,945,0
4815,4,11,3,960,0
4816,4,11,3,975,0
4817,4,11,3,990,0
4818,4,11,3,1005,0
4819,4,11,3,1020,0
4820,4,11,3,1035,0
4821,4,2,1,0,1
4822,4,2,1,15,1
4823,4,2,1,30,1
4824,4,2,1,45,1
4825,4,2,1,60,1
4826,4,2,1,75,1
4827,4,2,1,90,1
4828,4,2,1,105,1
4829,4,2,1,120,1
4830,4,2,1,135,1
4831,4,2,1,150,1
4832,4,2,2,0,1
4833,4,2,2,15,1
4834,4,2,2,30,1
4835,4,2,2,45,1
4836,4,2,2,60,1
4837,4,2,2,75,1
4838,4,2,2,90,1
4839,4,2,2,105,1
4840,4,2,2,120,1
4841,4,2,2,135,1
4842,4,2,2,150,1
4843,4,2,3,0,1
4844,4,2,3,15,1
4845,4,2,3,30,1
4846,4,2,3,45,1
4847,4,2,3,60,1
4848,4,2,3,75,1
4849,4,2,3,90,1
4850,4,2,3,105,1
4851,4,2,3,120,1
4852,4,2,3,135,1
4853,4,2,3,150,1
4854,4,3,1,0,1
4855,4,3,1,15,1
4856,4,3,1,30,1
4857,4,3,1,45,1
4858,4,3,1,60,1
4859,4,3,1,75,1
4860,4,3,1,90,1
4861,4,3,1,105,1
4862,4,3,1,120,1
4863,4,3,1,135,1
4864,4,3,1,150,1
4865,4,3,2,0,1
4866,4,3,2,15,1
4867,4,3,2,30,1
4868,4,3,2,45,1
4869,4,3,2,60,1
4870,4,3,2,75,1
4871,4,3,2,90,1
4872,4,3,2,105,1
4873,4,3,2,120,1
4874,4,3,2,135,1
4875,4,3,2,150,1
4876,4,3,3,0,1
4877,4,3,3,15,1
4878,4,3,3,30,1
4879,4,3,3,45,1
4880,4,3,3,60,1
4881,4,3,3,75,1
4882,4,3,3,90,1
4883,4,3,3,105,1
4884,4,3,3,120,1
4885,4,3,3,135,1
4886,4,3,3,150,1
4887,4,4,2,0,1
4888,4,4,2,15,1
4889,4,4,2,30,1
4890,4,4,2,45,1
4891,4,4,2,60,1
4892,4,4,2,75,1
4893,4,4,2,90,1
4894,4,4,2,105,1
4895,4,4,2,120,1
4896,4,4,2,135,1
4897,4,4,2,150,1
4898,4,4,3,0,1
4899,4,4,3,15,1
4900,4,4,3,30,1
4901,4,4,3,45,1
4902,4,4,3,60,1
4903,4,4,3,75,1
4904,4,4,3,90,1
4905,4,4,3,105,1
4906,4,4,3,120,1
4907,4,4,3,135,1
4908,4,4,3,150,1
4909,4,5,1,0,1
4910,4,5,1,15,1
4911,4,5,1,30,1
4912,4,5,1,45,1
4913,4,5,1,60,1
4914,4,5,1,75,1
4915,4,5,1,90,1
4916,4,5,1,105,1
4917,4,5,1,120,1
4918,4,5,1,135,1
4919,4,5,1,150,1
4920,4,5,2,0,1
4921,4,5,2,15,1
4922,4,5,2,30,1
4923,4,5,2,45,1
4924,4,5,2,60,1
4925,4,5,2,75,1
4926,4,5,2,90,1
4927,4,5,2,105,1
4928,4,5,2,120,1
4929,4,5,2,135,1
4930,4,5,2,150,1
4931,4,5,3,0,1
4932,4,5,3,15,1
4933,4,5,3,30,1
4934,4,5,3,45,1
4935,4,5,3,60,1
4936,4,5,3,75,1
4937,4,5,3,90,1
4938,4,5,3,105,1
4939,4,5,3,120,1
4940,4,5,3,135,1
4941,4,5,3,150,1
4942,4,6,1,0,0
4943,4,6,1,15,0
4944,4,6,1,30,0
4945,4,6,1,45,0
4946,4,6,1,60,0
4947,4,6,1,75,0
4948,4,6,1,90,0
4949,4,6,1,105,0
4950,4,6,1,120,0
4951,4,6,1,135,0
4952,4,6,1,150,0
4953,4,6,1,165,0
4954,4,6,1,180,0
4955,4,6,1,195,0
4956,4,6,1,210,0
4957,4,6,1,225,0
4958,4,6,1,240,0
4959,4,6,1,255,0
4960,4,6,1,270,0
4961,4,6,1,285,0
4962,4,6,1,300,0
4963,4,6,1,315,0
4964,4,6,1,330,0
4965,4,6,1,345,0
4966,4,6,1,360,0
4967,4,6,1,375,0
4968,4,6,1,390,0
4969,4,6,1,405,0
4970,4,6,1,420,0
4971,4,6,1,435,0
4972,4,6,1,450,0
4973,4,6,1,465,0
4974,4,6,1,480,0
4975,4,6,1,495,0
4976,4,6,1,510,0
4977,4,6,1,525,0
4978,4,6,1,540,0
4979,4,6,1,555,0
4980,4,6,1,570,0
4981,4,6,1,585,0
4982,4,6,1,600,0
4983,4,6,1,615,0
4984,4,6,1,630,0
4985,4,6,1,645,0
4986,4,6,1,660,0
4987,4,6,1,675,0
4988,4,6,1,690,0
4989,4,6,1,705,0
4990,4,6,1,720,0
4991,4,6,1,735,0
4992,4,6,1,750,0
4993,4,6,1,765,0
4994,4,6,1,780,0
4995,4,6,1,795,0
4996,4,6,1,810,0
4997,4,6,1,825,0
4998,4,6,1,840,0
4999,4,6,1,855,0
5000,4,6,1,870,0
5001,4,6,1,885,0
5002,4,6,1,900,0
5003,4,6,1,915,0
5004,4,6,1,930,0
5005,4,6,1,945,0
5006,4,6,1,960,0
5007,4,6,1,975,0
5008,4,6,1,990,0
5009,4,6,1,1005,0
5010,4,6,1,1020,0
5011,4,6,1,1035,0
5012,4,6,1,1050,0
5013,4,6,2,0,0
5014,4,6,2,15,0
5015,4,6,2,30,0
5016,4,6,2,45,0
5017,4,6,2,60,0
5018,4,6,2,75,0
5019,4,6,2,90,0
5020,4,6,2,105,0
5021,4,6,2,120,0
5022,4,6,2,135,0
5023,4,6,2,150,0
5024,4,6,2,165,0
5025,4,6,2,180,0
5026,4,6,2,195,0
5027,4,6,2,210,0
5028,4,6,2,225,0
5029,4,6,2,240,0
5030,4,6,2,255,0
5031,4,6,2,270,0
5032,4,6,2,285,0
5033,4,6,2,300,0
5034,4,6,2,315,0
5035,4,6,2,330,0
5036,4,6,2,345,0
5037,4,6,2,360,0
5038,4,6,2,375,0
5039,4,6,2,390,0
5040,4,6,2,405,0
5041,4,6,2,420,0
5042,4,6,2,435,0
5043,4,6,2,450,0
5044,4,6,2,465,0
5045,4,6,2,480,0
5046,4,6,2,495,0
5047,4,6,2,510,0
5048,4,6,2,525,0
5049,4,6,2,540,0
5050,4,6,2,555,0
5051,4,6,2,570,0
5052,4,6,2,585,0
5053,4,6,2,600,0
5054,4,6,2,615,0
5055,4,6,2,630,0
5056,4,6,2,645,0
5057,4,6,2,660,0
5058,4,6,2,675,0
5059,4,6,2,690,0
5060,4,6,2,705,0
5061,4,6,2,720,0
5062,4,6,2,735,0
5063,4,6,2,750,0
5064,4,6,2,765,0
5065,4,6,2,780,0
5066,4,6,2,795,0
5067,4,6,2,810,0
5068,4,6,2,825,0
5069,4,6,2,840,0
5070,4,6,2,855,0
5071,4,6,2,870,0
5072,4,6,2,885,0
5073,4,6,2,900,0
5074,4,6,2,915,0
5075,4,6,2,930,0
5076,4,6,2,945,0
5077,4,6,2,960,0
5078,4,6,2,975,0
5079,4,6,2,990,0
5080,4,6,2,1005,0
5081,4,6,2,1020,0
5082,4,6,2,1035,0
5083,4,6,2,1050,0
5084,4,6,3,0,0
5085,4,6,3,15,0
5086,4,6,3,30,0
5087,4,6,3,45,0
5088,4,6,3,60,0
5089,4,6,3,75,0
5090,4,6,3,90,0
5091,4,6,3,105,0
5092,4,6,3,120,0
5093,4,6,3,135,0
5094,4,6,3,150,0
5095,4,6,3,165,0
5096,4,6,3,180,0
5097,4,6,3,195,0
5098,4,6,3,210,0
5099,4,6,3,225,0
5100,4,6,3,240,0
5101,4,6,3,255,0
5102,4,6,3,270,0
5103,4,6,3,285,0
5104,4,6,3,300,0
5105,4,6,3,315,0
5106,4,6,3,330,0
5107,4,6,3,345,0
5108,4,6,3,360,0
5109,4,6,3,375,0
5110,4,6,3,390,0
5111,4,6,3,405,0
5112,4,6,3,420,0
5113,4,6,3,435,0
5114,4,6,3,450,0
5115,4,6,3,465,0
5116,4,6,3,480,0
5117,4,6,3,495,0
5118,4,6,3,510,0
5119,4,6,3,525,0
5120,4,6,3,540,0
5121,4,6,3,555,0
5122,4,6,3,570,0
5123,4,6,3,585,0
5124,4,6,3,600,0
5125,4,6,3,615,0
5126,4,6,3,630,0
5127,4,6,3,645,0
5128,4,6,3,660,0
5129,4,6,3,675,0
5130,4,6,3,690,0
5131,4,6,3,705,0
5132,4,6,3,720,0
5133,4,6,3,735,0
5134,4,6,3,750,0
5135,4,6,3,765,0
5136,4,6,3,780,0
5137,4,6,3,795,0
5138,4,6,3,810,0
5139,4,6,3,825,0
5140,4,6,3,840,0
5141,4,6,3,855,0
5142,4,6,3,870,0
5143,4,6,3,885,0
5144,4,6,3,900,0
5145,4,6,3,915,0
5146,4,6,3,930,0
5147,4,6,3,945,0
5148,4,6,3,960,0
5149,4,6,3,975,0
5150,4,6,3,990,0
5151,4,6,3,1005,0
5152,4,6,3,1020,0
5153,4,6,3,1035,0
5154,4,6,3,1050,0
5155,4,7,1,0,0
5156,4,7,1,15,0
5157,4,7,1,30,0
5158,4,7,1,45,0
5159,4,7,1,60,0
5160,4,7,1,75,0
5161,4,7,1,90,0
5162,4,7,1,105,0
5163,4,7,1,120,0
5164,4,7,1,135,0
5165,4,7,1,150,0
5166,4,7,1,165,0
5167,4,7,1,180,0
5168,4,7,1,195,0
5169,4,7,1,210,0
5170,4,7,1,225,0
5171,4,7,1,240,0
5172,4,7,1,255,0
5173,4,7,1,270,0
5174,4,7,1,285,0
5175,4,7,1,300,0
5176,4,7,1,315,0
5177,4,7,1,330,0
5178,4,7,1,345,0
5179,4,7,1,360,0
5180,4,7,1,375,0
5181,4,7,1,390,0
5182,4,7,1,405,0
5183,4,7,1,420,0
5184,4,7,1,435,0
5185,4,7,1,450,0
5186,4,7,1,465,0
5187,4,7,1,480,0
5188,4,7,1,495,0
5189,4,7,1,510,0
5190,4,7,1,525,0
5191,4,7,1,540,0
5192,4,7,1,555,0
5193,4,7,1,570,0
5194,4,7,1,585,0
5195,4,7,1,600,0
5196,4,7,1,615,0
5197,4,7,1,630,0
5198,4,7,1,645,0
5199,4,7,1,660,0
5200,4,7,1,675,0
5201,4,7,1,690,0
5202,4,7,1,705,0
5203,4,7,1,720,0
5204,4,7,1,735,0
5205,4,7,1,750,0
5206,4,7,1,765,0
5207,4,7,1,780,0
5208,4,7,1,795,0
5209,4,7,1,810,0
5210,4,7,1,825,0
5211,4,7,1,840,0
5212,4,7,1,855,0
5213,4,7,1,870,0
5214,4,7,1,885,0
5215,4,7,1,900,0
5216,4,7,1,915,0
5217,4,7,1,930,0
5218,4,7,1,945,0
5219,4,7,1,960,0
5220,4,7,1,975,0
5221,4,7,1,990,0
5222,4,7,1,1005,0
5223,4,7,1,1020,0
5224,4,7,1,1035,0
5225,4,7,1,1050,0
5226,4,7,2,0,0
5227,4,7,2,15,0
5228,4,7,2,30,0
5229,4,7,2,45,0
5230,4,7,2,60,0
5231,4,7,2,75,0
5232,4,7,2,90,0
5233,4,7,2,105,0
5234,4,7,2,120,0
5235,4,7,2,135,0
5236,4,7,2,150,0
5237,4,7,2,165,0
5238,4,7,2,180,0
5239,4,7,2,195,0
5240,4,7,2,210,0
5241,4,7,2,225,0
5242,4,7,2,240,0
5243,4,7,2,255,0
5244,4,7,2,270,0
5245,4,7,2,285,0
5246,4,7,2,300,0
5247,4,7,2,315,0
5248,4,7,2,330,0
5249,4,7,2,345,0
5250,4,7,2,360,0
5251,4,7,2,375,0
5252,4,7,2,390,0
5253,4,7,2,405,0
5254,4,7,2,420,0
5255,4,7,2,435,0
5256,4,7,2,450,0
5257,4,7,2,465,0
5258,4,7,2,480,0
5259,4,7,2,495,0
5260,4,7,2,510,0
5261,4,7,2,525,0
5262,4,7,2,540,0
5263,4,7,2,555,0
5264,4,7,2,570,0
5265,4,7,2,585,0
5266,4,7,2,600,0
5267,4,7,2,615,0
5268,4,7,2,630,0
5269,4,7,2,645,0
5270,4,7,2,660,0
5271,4,7,2,675,0
5272,4,7,2,690,0
5273,4,7,2,705,0
5274,4,7,2,720,0
5275,4,7,2,735,0
5276,4,7,2,750,0
5277,4,7,2,765,0
5278,4,7,2,780,0
5279,4,7,2,795,0
5280,4,7,2,810,0
5281,4,7,2,825,0
5282,4,7,2,840,0
5283,4,7,2,855,0
5284,4,7,2,870,0
5285,4,7,2,885,0
5286,4,7,2,900,0
5287,4,7,2,915,0
5288,4,7,2,930,0
5289,4,7,2,945,0
5290,4,7,2,960,0
5291,4,7,2,975,0
5292,4,7,2,990,0
5293,4,7,2,1005,0
5294,4,7,2,1020,0
5295,4,7,2,1035,0
5296,4,7,3,0,0
5297,4,7,3,15,0
5298,4,7,3,30,0
5299,4,7,3,45,0
5300,4,7,3,60,0
5301,4,7,3,75,0
5302,4,7,3,90,0
5303,4,7,3,105,0
5304,4,7,3,120,0
5305,4,7,3,135,0
5306,4,7,3,150,0
5307,4,7,3,165,0
5308,4,7,3,180,0
5309,4,7,3,195,0
5310,4,7,3,210,0
5311,4,7,3,225,0
5312,4,7,3,240,0
5313,4,7,3,255,0
5314,4,7,3,270,0
5315,4,7,3,285,0
5316,4,7,3,300,0
5317,4,7,3,315,0
5318,4,7,3,330,0
5319,4,7,3,345,0
5320,4,7,3,360,0
5321,4,7,3,375,0
5322,4,7,3,390,0
5323,4,7,3,405,0
5324,4,7,3,420,0
5325,4,7,3,435,0
5326,4,7,3,450,0
5327,4,7,3,465,0
5328,4,7,3,480,0
5329,4,7,3,495,0
5330,4,7,3,510,0
5331,4,7,3,525,0
5332,4,7,3,540,0
5333,4,7,3,555,0
5334,4,7,3,570,0
5335,4,7,3,585,0
5336,4,7,3,600,0
5337,4,7,3,615,0
5338,4,7,3,630,0
5339,4,7,3,645,0
5340,4,7,3,660,0
5341,4,7,3,675,0
5342,4,7,3,690,0
5343,4,7,3,705,0
5344,4,7,3,720,0
5345,4,7,3,735,0
5346,4,7,3,750,0
5347,4,7,3,765,0
5348,4,7,3,780,0
5349,4,7,3,795,0
5350,4,7,3,810,0
5351,4,7,3,825,0
5352,4,7,3,840,0
5353,4,7,3,855,0
5354,4,7,3,870,0
5355,4,7,3,885,0
5356,4,7,3,900,0
5357,4,7,3,915,0
5358,4,7,3,930,0
5359,4,7,3,945,0
5360,4,7,3,960,0
5361,4,7,3,975,0
5362,4,7,3,990,0
5363,4,7,3,1005,0
5364,4,7,3,1020,0
5365,4,7,3,1035,0
5366,4,7,3,1050,0
5367,4,8,1,0,0
5368,4,8,1,15,0
5369,4,8,1,30,0
5370,4,8,1,45,0
5371,4,8,1,60,0
5372,4,8,1,75,0
5373,4,8,1,90,0
5374,4,8,1,105,0
5375,4,8,1,120,0
5376,4,8,1,135,0
5377,4,8,1,150,0
5378,4,8,1,165,0
5379,4,8,1,180,0
5380,4,8,1,195,0
5381,4,8,1,210,0
5382,4,8,1,225,0
5383,4,8,1,240,0
5384,4,8,1,255,0
5385,4,8,1,270,0
5386,4,8,1,285,0
5387,4,8,1,300,0
5388,4,8,1,315,0
5389,4,8,1,330,0
5390,4,8,1,345,0
5391,4,8,1,360,0
5392,4,8,1,375,0
5393,4,8,1,390,0
5394,4,8,1,405,0
5395,4,8,1,420,0
5396,4,8,1,435,0
5397,4,8,1,450,0
5398,4,8,1,465,0
5399,4,8,1,480,0
5400,4,8,1,495,0
5401,4,8,1,510,0
5402,4,8,1,525,0
5403,4,8,1,540,0
5404,4,8,1,555,0
5405,4,8,1,570,0
5406,4,8,1,585,0
5407,4,8,1,600,0
5408,4,8,1,615,0
5409,4,8,1,630,0
5410,4,8,1,645,0
5411,4,8,1,660,0
5412,4,8,1,675,0
5413,4,8,1,690,0
5414,4,8,1,705,0
5415,4,8,1,720,0
5416,4,8,1,735,0
5417,4,8,1,750,0
5418,4,8,1,765,0
5419,4,8,1,780,0
5420,4,8,1,795,0
5421,4,8,1,810,0
5422,4,8,1,825,0
5423,4,8,1,840,0
5424,4,8,1,855,0
5425,4,8,1,870,0
5426,4,8,1,885,0
5427,4,8,1,900,0
5428,4,8,1,915,0
5429,4,8,1,930,0
5430,4,8,1,945,0
5431,4,8,1,960,0
5432,4,8,1,975,0
5433,4,8,1,990,0
5434,4,8,1,1005,0
5435,4,8,1,1020,0
5436,4,8,1,1035,0
5437,4,8,2,0,0
5438,4,8,2,15,0
5439,4,8,2,30,0
5440,4,8,2,45,0
5441,4,8,2,60,0
5442,4,8,2,75,0
5443,4,8,2,90,0
5444,4,8,2,105,0
5445,4,8,2,120,0
5446,4,8,2,135,0
5447,4,8,2,150,0
5448,4,8,2,165,0
5449,4,8,2,180,0
5450,4,8,2,195,0
5451,4,8,2,210,0
5452,4,8,2,225,0
5453,4,8,2,240,0
5454,4,8,2,255,0
5455,4,8,2,270,0
5456,4,8,2,285,0
5457,4,8,2,300,0
5458,4,8,2,315,0
5459,4,8,2,330,0
5460,4,8,2,345,0
5461,4,8,2,360,0
5462,4,8,2,375,0
5463,4,8,2,390,0
5464,4,8,2,405,0
5465,4,8,2,420,0
5466,4,8,2,435,0
5467,4,8,2,450,0
5468,4,8,2,465,0
5469,4,8,2,480,0
5470,4,8,2,495,0
5471,4,8,2,510,0
5472,4,8,2,525,0
5473,4,8,2,540,0
5474,4,8,2,555,0
5475,4,8,2,570,0
5476,4,8,2,585,0
5477,4,8,2,600,0
5478,4,8,2,615,0
5479,4,8,2,630,0
5480,4,8,2,645,0
5481,4,8,2,660,0
5482,4,8,2,675,0
5483,4,8,2,690,0
5484,4,8,2,705,0
5485,4,8,2,720,0
5486,4,8,2,735,0
5487,4,8,2,750,0
5488,4,8,2,765,0
5489,4,8,2,780,0
5490,4,8,2,795,0
5491,4,8,2,810,0
5492,4,8,2,825,0
5493,4,8,2,840,0
5494,4,8,2,855,0
5495,4,8,2,870,0
5496,4,8,2,885,0
5497,4,8,2,900,0
5498,4,8,2,915,0
5499,4,8,2,930,0
5500,4,8,2,945,0
5501,4,8,2,960,0
5502,4,8,2,975,0
5503,4,8,2,990,0
5504,4,8,2,1005,0
5505,4,8,2,1020,0
5506,4,8,2,1035,0
5507,4,8,3,0,0
5508,4,8,3,15,0
5509,4,8,3,30,0
5510,4,8,3,45,0
5511,4,8,3,60,0
5512,4,8,3,75,0
5513,4,8,3,90,0
5514,4,8,3,105,0
5515,4,8,3,120,0
5516,4,8,3,135,0
5517,4,8,3,150,0
5518,4,8,3,165,0
5519,4,8,3,180,0
5520,4,8,3,195,0
5521,4,8,3,210,0
5522,4,8,3,225,0
5523,4,8,3,240,0
5524,4,8,3,255,0
5525,4,8,3,270,0
5526,4,8,3,285,0
5527,4,8,3,300,0
5528,4,8,3,315,0
5529,4,8,3,330,0
5530,4,8,3,345,0
5531,4,8,3,360,0
5532,4,8,3,375,0
5533,4,8,3,390,0
5534,4,8,3,405,0
5535,4,8,3,420,0
5536,4,8,3,435,0
5537,4,8,3,450,0
5538,4,8,3,465,0
5539,4,8,3,480,0
5540,4,8,3,495,0
5541,4,8,3,510,0
5542,4,8,3,525,0
5543,4,8,3,540,0
5544,4,8,3,555,0
5545,4,8,3,570,0
5546,4,8,3,585,0
5547,4,8,3,600,0
5548,4,8,3,615,0
5549,4,8,3,630,0
5550,4,8,3,645,0
5551,4,8,3,660,0
5552,4,8,3,675,0
5553,4,8,3,690,0
5554,4,8,3,705,0
5555,4,8,3,720,0
5556,4,8,3,735,0
5557,4,8,3,750,0
5558,4,8,3,765,0
5559,4,8,3,780,0
5560,4,8,3,795,0
5561,4,8,3,810,0
5562,4,8,3,825,0
5563,4,8,3,840,0
5564,4,8,3,855,0
5565,4,8,3,870,0
5566,4,8,3,885,0
5567,4,8,3,900,0
5568,4,8,3,915,0
5569,4,8,3,930,0
5570,4,8,3,945,0
5571,4,8,3,960,0
5572,4,8,3,975,0
5573,4,8,3,990,0
5574,4,8,3,1005,0
5575,4,8,3,1020,0
5576,4,9,1,0,0
5577,4,9,1,15,0
5578,4,9,1,30,0
5579,4,9,1,45,0
5580,4,9,1,60,0
5581,4,9,1,75,0
5582,4,9,1,90,0
5583,4,9,1,105,0
5584,4,9,1,120,0
5585,4,9,1,135,0
5586,4,9,2,0,0
5587,4,9,2,15,0
5588,4,9,2,30,0
5589,4,9,2,45,0
5590,4,9,2,60,0
5591,4,9,2,75,0
5592,4,9,2,90,0
5593,4,9,2,105,0
5594,4,9,2,120,0
5595,4,9,2,135,0
5596,4,9,3,0,0
5597,4,9,3,15,0
5598,4,9,3,30,0
5599,4,9,3,45,0
5600,4,9,3,60,0
5601,4,9,3,75,0
5602,4,9,3,90,0
5603,4,9,3,105,0
5604,4,9,3,120,0
5605,4,9,3,135,0
5606,4,9,3,150,0
5607,5,1,1,0,1
5608,5,1,1,15,1
5609,5,1,1,30,1
5610,5,1,1,45,1
5611,5,1,1,60,1
5612,5,1,1,75,1
5613,5,1,1,90,1
5614,5,1,1,105,1
5615,5,1,1,120,1
5616,5,1,1,135,1
5617,5,1,1,150,1
5618,5,1,2,0,1
5619,5,1,2,15,1
5620,5,1,2,30,1
5621,5,1,2,45,1
5622,5,1,2,60,1
5623,5,1,2,75,1
5624,5,1,2,90,1
5625,5,1,2,105,1
5626,5,1,2,120,1
5627,5,1,2,135,1
5628,5,1,2,150,1
5629,5,1,3,0,1
5630,5,1,3,15,1
5631,5,1,3,30,1
5632,5,1,3,45,1
5633,5,1,3,60,1
5634,5,1,3,75,1
5635,5,1,3,90,1
5636,5,1,3,105,1
5637,5,1,3,120,1
5638,5,1,3,135,1
5639,5,1,3,150,1
5640,5,10,1,0,0
5641,5,10,1,15,0
5642,5,10,1,30,0
5643,5,10,1,45,0
5644,5,10,1,60,0
5645,5,10,1,75,0
5646,5,10,1,90,0
5647,5,10,1,105,0
5648,5,10,1,120,0
5649,5,10,1,135,0
5650,5,10,1,150,0
5651,5,10,1,165,0
5652,5,10,1,180,0
5653,5,10,1,195,0
5654,5,10,1,210,0
5655,5,10,1,225,0
5656,5,10,1,240,0
5657,5,10,1,255,0
5658,5,10,1,270,0
5659,5,10,1,285,0
5660,5,10,1,300,0
5661,5,10,1,315,0
5662,5,10,1,330,0
5663,5,10,1,345,0
5664,5,10,1,360,0
5665,5,10,1,375,0
5666,5,10,1,390,0
5667,5,10,1,405,0
5668,5,10,1,420,0
5669,5,10,1,435,0
5670,5,10,1,450,0
5671,5,10,1,465,0
5672,5,10,1,480,0
5673,5,10,1,495,0
5674,5,10,1,510,0
5675,5,10,1,525,0
5676,5,10,2,0,0
5677,5,10,2,15,0
5678,5,10,2,30,0
5679,5,10,2,45,0
5680,5,10,2,60,0
5681,5,10,2,75,0
5682,5,10,2,90,0
5683,5,10,2,105,0
5684,5,10,2,120,0
5685,5,10,2,135,0
5686,5,10,2,150,0
5687,5,10,2,165,0
5688,5,10,2,180,0
5689,5,10,2,195,0
5690,5,10,2,210,0
5691,5,10,2,225,0
5692,5,10,2,240,0
5693,5,10,2,255,0
5694,5,10,2,270,0
5695,5,10,2,285,0
5696,5,10,2,300,0
5697,5,10,2,315,0
5698,5,10,2,330,0
5699,5,10,2,345,0
5700,5,10,2,360,0
5701,5,10,2,375,0
5702,5,10,2,390,0
5703,5,10,2,405,0
5704,5,10,2,420,0
5705,5,10,2,435,0
5706,5,10,2,450,0
5707,5,10,2,465,0
5708,5,10,2,480,0
5709,5,10,2,495,0
5710,5,10,2,510,0
5711,5,10,2,525,0
5712,5,10,3,0,0
5713,5,10,3,15,0
5714,5,10,3,30,0
5715,5,10,3,45,0
5716,5,10,3,60,0
5717,5,10,3,75,0
5718,5,10,3,90,0
5719,5,10,3,105,0
5720,5,10,3,120,0
5721,5,10,3,135,0
5722,5,10,3,150,0
5723,5,10,3,165,0
5724,5,10,3,180,0
5725,5,10,3,195,0
5726,5,10,3,210,0
5727,5,10,3,225,0
5728,5,10,3,240,0
5729,5,10,3,255,0
5730,5,10,3,270,0
5731,5,10,3,285,0
5732,5,10,3,300,0
5733,5,10,3,315,0
5734,5,10,3,330,0
5735,5,10,3,345,0
5736,5,10,3,360,0
5737,5,10,3,375,0
5738,5,10,3,390,0
5739,5,10,3,405,0
5740,5,10,3,420,0
5741,5,10,3,435,0
5742,5,10,3,450,0
5743,5,10,3,465,0
5744,5,10,3,480,0
5745,5,10,3,495,0
5746,5,10,3,510,0
5747,5,10,3,525,0
5748,5,11,1,0,0
5749,5,11,1,15,0
5750,5,11,1,30,0
5751,5,11,1,45,0
5752,5,11,1,60,0
5753,5,11,1,75,0
5754,5,11,1,90,0
5755,5,11,1,105,0
5756,5,11,1,120,0
5757,5,11,1,135,0
5758,5,11,1,150,0
5759,5,11,1,165,0
5760,5,11,1,180,0
5761,5,11,1,195,0
5762,5,11,1,210,0
5763,5,11,1,225,0
5764,5,11,1,240,0
5765,5,11,1,255,0
5766,5,11,1,270,0
5767,5,11,1,285,0
5768,5,11,1,300,0
5769,5,11,1,315,0
5770,5,11,1,330,0
5771,5,11,1,345,0
5772,5,11,1,360,0
5773,5,11,1,375,0
5774,5,11,1,390,0
5775,5,11,1,405,0
5776,5,11,1,420,0
5777,5,11,1,435,0
5778,5,11,1,450,0
5779,5,11,1,465,0
5780,5,11,1,480,0
5781,5,11,1,495,0
5782,5,11,1,510,0
5783,5,11,1,525,0
5784,5,11,1,540,0
5785,5,11,1,555,0
5786,5,11,1,570,0
5787,5,11,1,585,0
5788,5,11,1,600,0
5789,5,11,1,615,0
5790,5,11,1,630,0
5791,5,11,1,645,0
5792,5,11,1,660,0
5793,5,11,1,675,0
5794,5,11,1,690,0
5795,5,11,1,705,0
5796,5,11,1,720,0
5797,5,11,1,735,0
5798,5,11,1,750,0
5799,5,11,1,765,0
5800,5,11,1,780,0
5801,5,11,1,795,0
5802,5,11,1,810,0
5803,5,11,1,825,0
5804,5,11,1,840,0
5805,5,11,1,855,0
5806,5,11,1,870,0
5807,5,11,1,885,0
5808,5,11,1,900,0
5809,5,11,1,915,0
5810,5,11,1,930,0
5811,5,11,1,945,0
5812,5,11,1,960,0
5813,5,11,1,975,0
5814,5,11,1,990,0
5815,5,11,1,1005,0
5816,5,11,1,1020,0
5817,5,11,1,1035,0
5818,5,11,1,1050,0
5819,5,11,2,0,0
5820,5,11,2,15,0
5821,5,11,2,30,0
5822,5,11,2,45,0
5823,5,11,2,60,0
5824,5,11,2,75,0
5825,5,11,2,90,0
5826,5,11,2,105,0
5827,5,11,2,120,0
5828,5,11,2,135,0
5829,5,11,2,150,0
5830,5,11,2,165,0
5831,5,11,2,180,0
5832,5,11,2,195,0
5833,5,11,2,210,0
5834,5,11,2,225,0
5835,5,11,2,240,0
5836,5,11,2,255,0
5837,5,11,2,270,0
5838,5,11,2,285,0
5839,5,11,2,300,0
5840,5,11,2,315,0
5841,5,11,2,330,0
5842,5,11,2,345,0
5843,5,11,2,360,0
5844,5,11,2,375,0
5845,5,11,2,390,0
5846,5,11,2,405,0
5847,5,11,2,420,0
5848,5,11,2,435,0
5849,5,11,2,450,0
5850,5,11,2,465,0
5851,5,11,2,480,0
5852,5,11,2,495,0
5853,5,11,2,510,0
5854,5,11,2,525,0
5855,5,11,2,540,0
5856,5,11,2,555,0
5857,5,11,2,570,0
5858,5,11,2,585,0
5859,5,11,2,600,0
5860,5,11,2,615,0
5861,5,11,2,630,0
5862,5,11,2,645,0
5863,5,11,2,660,0
5864,5,11,2,675,0
5865,5,11,2,690,0
5866,5,11,2,705,0
5867,5,11,2,720,0
5868,5,11,2,735,0
5869,5,11,2,750,0
5870,5,11,2,765,0
5871,5,11,2,780,0
5872,5,11,2,795,0
5873,5,11,2,810,0
5874,5,11,2,825,0
5875,5,11,2,840,0
5876,5,11,2,855,0
5877,5,11,2,870,0
5878,5,11,2,885,0
5879,5,11,2,900,0
5880,5,11,2,915,0
5881,5,11,2,930,0
5882,5,11,2,945,0
5883,5,11,2,960,0
5884,5,11,2,975,0
5885,5,11,2,990,0
5886,5,11,2,1005,0
5887,5,11,2,1020,0
5888,5,11,2,1035,0
5889,5,11,2,1050,0
5890,5,11,3,0,0
5891,5,11,3,15,0
5892,5,11,3,30,0
5893,5,11,3,45,0
5894,5,11,3,60,0
5895,5,11,3,75,0
5896,5,11,3,90,0
5897,5,11,3,105,0
5898,5,11,3,120,0
5899,5,11,3,135,0
5900,5,11,3,150,0
5901,5,11,3,165,0
5902,5,11,3,180,0
5903,5,11,3,195,0
5904,5,11,3,210,0
5905,5,11,3,225,0
5906,5,11,3,240,0
5907,5,11,3,255,0
5908,5,11,3,270,0
5909,5,11,3,285,0
5910,5,11,3,300,0
5911,5,11,3,315,0
5912,5,11,3,330,0
5913,5,11,3,345,0
5914,5,11,3,360,0
5915,5,11,3,375,0
5916,5,11,3,390,0
5917,5,11,3,405,0
5918,5,11,3,420,0
5919,5,11,3,435,0
5920,5,11,3,450,0
5921,5,11,3,465,0
5922,5,11,3,480,0
5923,5,11,3,495,0
5924,5,11,3,510,0
5925,5,11,3,525,0
5926,5,11,3,540,0
5927,5,11,3,555,0
5928,5,11,3,570,0
5929,5,11,3,585,0
5930,5,11,3,600,0
5931,5,11,3,615,0
5932,5,11,3,630,0
5933,5,11,3,645,0
5934,5,11,3,660,0
5935,5,11,3,675,0
5936,5,11,3,690,0
5937,5,11,3,705,0
5938,5,11,3,720,0
5939,5,11,3,735,0
5940,5,11,3,750,0
5941,5,11,3,765,0
5942,5,11,3,780,0
5943,5,11,3,795,0
5944,5,11,3,810,0
5945,5,11,3,825,0
5946,5,11,3,840,0
5947,5,11,3,855,0
5948,5,11,3,870,0
5949,5,11,3,885,0
5950,5,11,3,900,0
5951,5,11,3,915,0
5952,5,11,3,930,0
5953,5,11,3,945,0
5954,5,11,3,960,0
5955,5,11,3,975,0
5956,5,11,3,990,0
5957,5,11,3,1005,0
5958,5,11,3,1020,0
5959,5,11,3,1035,0
5960,5,2,1,0,1
5961,5,2,1,15,1
5962,5,2,1,30,1
5963,5,2,1,45,1
5964,5,2,1,60,1
5965,5,2,1,75,1
5966,5,2,1,90,1
5967,5,2,1,105,1
5968,5,2,1,120,1
5969,5,2,1,135,1
5970,5,2,1,150,1
5971,5,2,2,0,1
5972,5,2,2,15,1
5973,5,2,2,30,1
5974,5,2,2,45,1
5975,5,2,2,60,1
5976,5,2,2,75,1
5977,5,2,2,90,1
5978,5,2,2,105,1
5979,5,2,2,120,1
5980,5,2,2,135,1
5981,5,2,2,150,1
5982,5,2,3,0,1
5983,5,2,3,15,1
5984,5,2,3,30,1
5985,5,2,3,45,1
5986,5,2,3,60,1
5987,5,2,3,75,1
5988,5,2,3,90,1
5989,5,2,3,105,1
5990,5,2,3,120,1
5991,5,2,3,135,1
5992,5,2,3,150,1
5993,5,3,1,0,1
5994,5,3,1,15,1
5995,5,3,1,30,1
5996,5,3,1,45,1
5997,5,3,1,60,1
5998,5,3,1,75,1
5999,5,3,1,90,1
6000,5,3,1,105,1
6001,5,3,1,120,1
6002,5,3,1,135,1
6003,5,3,1,150,1
6004,5,3,2,0,1
6005,5,3,2,15,1
6006,5,3,2,30,1
6007,5,3,2,45,1
6008,5,3,2,60,1
6009,5,3,2,75,1
6010,5,3,2,90,1
6011,5,3,2,105,1
6012,5,3,2,120,1
6013,5,3,2,135,1
6014,5,3,2,150,1
6015,5,3,3,0,1
6016,5,3,3,15,1
6017,5,3,3,30,1
6018,5,3,3,45,1
6019,5,3,3,60,1
6020,5,3,3,75,1
6021,5,3,3,90,1
6022,5,3,3,105,1
6023,5,3,3,120,1
6024,5,3,3,135,1
6025,5,3,3,150,1
6026,5,4,1,0,1
6027,5,4,1,15,1
6028,5,4,1,30,1
6029,5,4,1,45,1
6030,5,4,1,60,1
6031,5,4,1,75,1
6032,5,4,1,90,1
6033,5,4,1,105,1
6034,5,4,1,120,1
6035,5,4,1,135,1
6036,5,4,1,150,1
6037,5,4,2,0,1
6038,5,4,2,15,1
6039,5,4,2,30,1
6040,5,4,2,45,1
6041,5,4,2,60,1
6042,5,4,2,75,1
6043,5,4,2,90,1
6044,5,4,2,105,1
6045,5,4,2,120,1
6046,5,4,2,135,1
6047,5,4,2,150,1
6048,5,4,3,0,1
6049,5,4,3,15,1
6050,5,4,3,30,1
6051,5,4,3,45,1
6052,5,4,3,60,1
6053,5,4,3,75,1
6054,5,4,3,90,1
6055,5,4,3,105,1
6056,5,4,3,120,1
6057,5,4,3,135,1
6058,5,4,3,150,1
6059,5,5,1,0,1
6060,5,5,1,15,1
6061,5,5,1,30,1
6062,5,5,1,45,1
6063,5,5,1,60,1
6064,5,5,1,75,1
6065,5,5,1,90,1
6066,5,5,1,105,1
6067,5,5,1,120,1
6068,5,5,1,135,1
6069,5,5,1,150,1
6070,5,5,2,0,1
6071,5,5,2,15,1
6072,5,5,2,30,1
6073,5,5,2,45,1
6074,5,5,2,60,1
6075,5,5,2,75,1
6076,5,5,2,90,1
6077,5,5,2,105,1
6078,5,5,2,120,1
6079,5,5,2,135,1
6080,5,5,2,150,1
6081,5,5,3,0,1
6082,5,5,3,15,1
6083,5,5,3,30,1
6084,5,5,3,45,1
6085,5,5,3,60,1
6086,5,5,3,75,1
6087,5,5,3,90,1
6088,5,5,3,105,1
6089,5,5,3,120,1
6090,5,5,3,135,1
6091,5,5,3,150,1
6092,5,6,1,0,0
6093,5,6,1,15,0
6094,5,6,1,30,0
6095,5,6,1,45,0
6096,5,6,1,60,0
6097,5,6,1,75,0
6098,5,6,1,90,0
6099,5,6,1,105,0
6100,5,6,1,120,0
6101,5,6,1,135,0
6102,5,6,1,150,0
6103,5,6,1,165,0
6104,5,6,1,180,0
6105,5,6,1,195,0
6106,5,6,1,210,0
6107,5,6,1,225,0
6108,5,6,1,240,0
6109,5,6,1,255,0
6110,5,6,1,270,0
6111,5,6,1,285,0
6112,5,6,1,300,0
6113,5,6,1,315,0
6114,5,6,1,330,0
6115,5,6,1,345,0
6116,5,6,1,360,0
6117,5,6,1,375,0
6118,5,6,1,390,0
6119,5,6,1,405,0
6120,5,6,1,420,0
6121,5,6,1,435,0
6122,5,6,1,450,0
6123,5,6,1,465,0
6124,5,6,1,480,0
6125,5,6,1,495,0
6126,5,6,1,510,0
6127,5,6,1,525,0
6128,5,6,1,540,0
6129,5,6,1,555,0
6130,5,6,1,570,0
6131,5,6,1,585,0
6132,5,6,1,600,0
6133,5,6,1,615,0
6134,5,6,1,630,0
6135,5,6,1,645,0
6136,5,6,1,660,0
6137,5,6,1,675,0
6138,5,6,1,690,0
6139,5,6,1,705,0
6140,5,6,1,720,0
6141,5,6,1,735,0
6142,5,6,1,750,0
6143,5,6,1,765,0
6144,5,6,1,780,0
6145,5,6,1,795,0
6146,5,6,1,810,0
6147,5,6,1,825,0
6148,5,6,1,840,0
6149,5,6,1,855,0
6150,5,6,1,870,0
6151,5,6,1,885,0
6152,5,6,1,900,0
6153,5,6,1,915,0
6154,5,6,1,930,0
6155,5,6,1,945,0
6156,5,6,1,960,0
6157,5,6,1,975,0
6158,5,6,1,990,0
6159,5,6,1,1005,0
6160,5,6,1,1020,0
6161,5,6,1,1035,0
6162,5,6,1,1050,0
6163,5,6,1,1065,0
6164,5,6,2,0,0
6165,5,6,2,15,0
6166,5,6,2,30,0
6167,5,6,2,45,0
6168,5,6,2,60,0
6169,5,6,2,75,0
6170,5,6,2,90,0
6171,5,6,2,105,0
6172,5,6,2,120,0
6173,5,6,2,135,0
6174,5,6,2,150,0
6175,5,6,2,165,0
6176,5,6,2,180,0
6177,5,6,2,195,0
6178,5,6,2,210,0
6179,5,6,2,225,0
6180,5,6,2,240,0
6181,5,6,2,255,0
6182,5,6,2,270,0
6183,5,6,2,285,0
6184,5,6,2,300,0
6185,5,6,2,315,0
6186,5,6,2,330,0
6187,5,6,2,345,0
6188,5,6,2,360,0
6189,5,6,2,375,0
6190,5,6,2,390,0
6191,5,6,2,405,0
6192,5,6,2,420,0
6193,5,6,2,435,0
6194,5,6,2,450,0
6195,5,6,2,465,0
6196,5,6,2,480,0
6197,5,6,2,495,0
6198,5,6,2,510,0
6199,5,6,2,525,0
6200,5,6,2,540,0
6201,5,6,2,555,0
6202,5,6,2,570,0
6203,5,6,2,585,0
6204,5,6,2,600,0
6205,5,6,2,615,0
6206,5,6,2,630,0
6207,5,6,2,645,0
6208,5,6,2,660,0
6209,5,6,2,675,0
6210,5,6,2,690,0
6211,5,6,2,705,0
6212,5,6,2,720,0
6213,5,6,2,735,0
6214,5,6,2,750,0
6215,5,6,2,765,0
6216,5,6,2,780,0
6217,5,6,2,795,0
6218,5,6,2,810,0
6219,5,6,2,825,0
6220,5,6,2,840,0
6221,5,6,2,855,0
6222,5,6,2,870,0
6223,5,6,2,885,0
6224,5,6,2,900,0
6225,5,6,2,915,0
6226,5,6,2,930,0
6227,5,6,2,945,0
6228,5,6,2,960,0
6229,5,6,2,975,0
6230,5,6,2,990,0
6231,5,6,2,1005,0
6232,5,6,2,1020,0
6233,5,6,2,1035,0
6234,5,6,2,1050,0
6235,5,6,2,1065,0
6236,5,6,2,1080,0
6237,5,6,3,0,0
6238,5,6,3,15,0
6239,5,6,3,30,0
6240,5,6,3,45,0
6241,5,6,3,60,0
6242,5,6,3,75,0
6243,5,6,3,90,0
6244,5,6,3,105,0
6245,5,6,3,120,0
6246,5,6,3,135,0
6247,5,6,3,150,0
6248,5,6,3,165,0
6249,5,6,3,180,0
6250,5,6,3,195,0
6251,5,6,3,210,0
6252,5,6,3,225,0
6253,5,6,3,240,0
6254,5,6,3,255,0
6255,5,6,3,270,0
6256,5,6,3,285,0
6257,5,6,3,300,0
6258,5,6,3,315,0
6259,5,6,3,330,0
6260,5,6,3,345,0
6261,5,6,3,360,0
6262,5,6,3,375,0
6263,5,6,3,390,0
6264,5,6,3,405,0
6265,5,6,3,420,0
6266,5,6,3,435,0
6267,5,6,3,450,0
6268,5,6,3,465,0
6269,5,6,3,480,0
6270,5,6,3,495,0
6271,5,6,3,510,0
6272,5,6,3,525,0
6273,5,6,3,540,0
6274,5,6,3,555,0
6275,5,6,3,570,0
6276,5,6,3,585,0
6277,5,6,3,600,0
6278,5,6,3,615,0
6279,5,6,3,630,0
6280,5,6,3,645,0
6281,5,6,3,660,0
6282,5,6,3,675,0
6283,5,6,3,690,0
6284,5,6,3,705,0
6285,5,6,3,720,0
6286,5,6,3,735,0
6287,5,6,3,750,0
6288,5,6,3,765,0
6289,5,6,3,780,0
6290,5,6,3,795,0
6291,5,6,3,810,0
6292,5,6,3,825,0
6293,5,6,3,840,0
6294,5,6,3,855,0
6295,5,6,3,870,0
6296,5,6,3,885,0
6297,5,6,3,900,0
6298,5,6,3,915,0
6299,5,6,3,930,0
6300,5,6,3,945,0
6301,5,6,3,960,0
6302,5,6,3,975,0
6303,5,6,3,990,0
6304,5,6,3,1005,0
6305,5,6,3,1020,0
6306,5,6,3,1035,0
6307,5,6,3,1050,0
6308,5,6,3,1065,0
6309,5,6,3,1080,0
6310,5,7,1,0,0
6311,5,7,1,15,0
6312,5,7,1,30,0
6313,5,7,1,45,0
6314,5,7,1,60,0
6315,5,7,1,75,0
6316,5,7,1,90,0
6317,5,7,1,105,0
6318,5,7,1,120,0
6319,5,7,1,135,0
6320,5,7,1,150,0
6321,5,7,1,165,0
6322,5,7,1,180,0
6323,5,7,1,195,0
6324,5,7,1,210,0
6325,5,7,1,225,0
6326,5,7,1,240,0
6327,5,7,1,255,0
6328,5,7,1,270,0
6329,5,7,1,285,0
6330,5,7,1,300,0
6331,5,7,1,315,0
6332,5,7,1,330,0
6333,5,7,1,345,0
6334,5,7,1,360,0
6335,5,7,1,375,0
6336,5,7,1,390,0
6337,5,7,1,405,0
6338,5,7,1,420,0
6339,5,7,1,435,0
6340,5,7,1,450,0
6341,5,7,1,465,0
6342,5,7,1,480,0
6343,5,7,1,495,0
6344,5,7,1,510,0
6345,5,7,1,525,0
6346,5,7,1,540,0
6347,5,7,1,555,0
6348,5,7,1,570,0
6349,5,7,1,585,0
6350,5,7,1,600,0
6351,5,7,1,615,0
6352,5,7,1,630,0
6353,5,7,1,645,0
6354,5,7,1,660,0
6355,5,7,1,675,0
6356,5,7,1,690,0
6357,5,7,1,705,0
6358,5,7,1,720,0
6359,5,7,1,735,0
6360,5,7,1,750,0
6361,5,7,1,765,0
6362,5,7,1,780,0
6363,5,7,1,795,0
6364,5,7,1,810,0
6365,5,7,1,825,0
6366,5,7,1,840,0
6367,5,7,1,855,0
6368,5,7,1,870,0
6369,5,7,1,885,0
6370,5,7,1,900,0
6371,5,7,1,915,0
6372,5,7,1,930,0
6373,5,7,1,945,0
6374,5,7,1,960,0
6375,5,7,1,975,0
6376,5,7,1,990,0
6377,5,7,1,1005,0
6378,5,7,1,1020,0
6379,5,7,1,1035,0
6380,5,7,2,0,0
6381,5,7,2,15,0
6382,5,7,2,30,0
6383,5,7,2,45,0
6384,5,7,2,60,0
6385,5,7,2,75,0
6386,5,7,2,90,0
6387,5,7,2,105,0
6388,5,7,2,120,0
6389,5,7,2,135,0
6390,5,7,2,150,0
6391,5,7,2,165,0
6392,5,7,2,180,0
6393,5,7,2,195,0
6394,5,7,2,210,0
6395,5,7,2,225,0
6396,5,7,2,240,0
6397,5,7,2,255,0
6398,5,7,2,270,0
6399,5,7,2,285,0
6400,5,7,2,300,0
6401,5,7,2,315,0
6402,5,7,2,330,0
6403,5,7,2,345,0
6404,5,7,2,360,0
6405,5,7,2,375,0
6406,5,7,2,390,0
6407,5,7,2,405,0
6408,5,7,2,420,0
6409,5,7,2,435,0
6410,5,7,2,450,0
6411,5,7,2,465,0
6412,5,7,2,480,0
6413,5,7,2,495,0
6414,5,7,2,510,0
6415,5,7,2,525,0
6416,5,7,2,540,0
6417,5,7,2,555,0
6418,5,7,2,570,0
6419,5,7,2,585,0
6420,5,7,2,600,0
6421,5,7,2,615,0
6422,5,7,2,630,0
6423,5,7,2,645,0
6424,5,7,2,660,0
6425,5,7,2,675,0
6426,5,7,2,690,0
6427,5,7,2,705,0
6428,5,7,2,720,0
6429,5,7,2,735,0
6430,5,7,2,750,0
6431,5,7,2,765,0
6432,5,7,2,780,0
6433,5,7,2,795,0
6434,5,7,2,810,0
6435,5,7,2,825,0
6436,5,7,2,840,0
6437,5,7,2,855,0
6438,5,7,2,870,0
6439,5,7,2,885,0
6440,5,7,2,900,0
6441,5,7,2,915,0
6442,5,7,2,930,0
6443,5,7,2,945,0
6444,5,7,2,960,0
6445,5,7,2,975,0
6446,5,7,2,990,0
6447,5,7,2,1005,0
6448,5,7,2,1020,0
6449,5,7,2,1035,0
6450,5,7,2,1050,0
6451,5,7,2,1065,0
6452,5,7,2,1080,0
6453,5,7,2,1095,0
6454,5,7,3,0,0
6455,5,7,3,15,0
6456,5,7,3,30,0
6457,5,7,3,45,0
6458,5,7,3,60,0
6459,5,7,3,75,0
6460,5,7,3,90,0
6461,5,7,3,105,0
6462,5,7,3,120,0
6463,5,7,3,135,0
6464,5,7,3,150,0
6465,5,7,3,165,0
6466,5,7,3,180,0
6467,5,7,3,195,0
6468,5,7,3,210,0
6469,5,7,3,225,0
6470,5,7,3,240,0
6471,5,7,3,255,0
6472,5,7,3,270,0
6473,5,7,3,285,0
6474,5,7,3,300,0
6475,5,7,3,315,0
6476,5,7,3,330,0
6477,5,7,3,345,0
6478,5,7,3,360,0
6479,5,7,3,375,0
6480,5,7,3,390,0
6481,5,7,3,405,0
6482,5,7,3,420,0
6483,5,7,3,435,0
6484,5,7,3,450,0
6485,5,7,3,465,0
6486,5,7,3,480,0
6487,5,7,3,495,0
6488,5,7,3,510,0
6489,5,7,3,525,0
6490,5,7,3,540,0
6491,5,7,3,555,0
6492,5,7,3,570,0
6493,5,7,3,585,0
6494,5,7,3,600,0
6495,5,7,3,615,0
6496,5,7,3,630,0
6497,5,7,3,645,0
6498,5,7,3,660,0
6499,5,7,3,675,0
6500,5,7,3,690,0
6501,5,7,3,705,0
6502,5,7,3,720,0
6503,5,7,3,735,0
6504,5,7,3,750,0
6505,5,7,3,765,0
6506,5,7,3,780,0
6507,5,7,3,795,0
6508,5,7,3,810,0
6509,5,7,3,825,0
6510,5,7,3,840,0
6511,5,7,3,855,0
6512,5,7,3,870,0
6513,5,7,3,885,0
6514,5,7,3,900,0
6515,5,7,3,915,0
6516,5,7,3,930,0
6517,5,7,3,945,0
6518,5,7,3,960,0
6519,5,7,3,975,0
6520,5,7,3,990,0
6521,5,7,3,1005,0
6522,5,7,3,1020,0
6523,5,7,3,1035,0
6524,5,7,3,1050,0
6525,5,7,3,1065,0
6526,5,7,3,1080,0
6527,5,7,3,1095,0
6528,5,8,1,0,0
6529,5,8,1,15,0
6530,5,8,1,30,0
6531,5,8,1,45,0
6532,5,8,1,60,0
6533,5,8,1,75,0
6534,5,8,1,90,0
6535,5,8,1,105,0
6536,5,8,1,120,0
6537,5,8,1,135,0
6538,5,8,1,150,0
6539,5,8,1,165,0
6540,5,8,1,180,0
6541,5,8,1,195,0
6542,5,8,1,210,0
6543,5,8,1,225,0
6544,5,8,1,240,0
6545,5,8,1,255,0
6546,5,8,1,270,0
6547,5,8,1,285,0
6548,5,8,1,300,0
6549,5,8,1,315,0
6550,5,8,1,330,0
6551,5,8,1,345,0
6552,5,8,1,360,0
6553,5,8,1,375,0
6554,5,8,1,390,0
6555,5,8,1,405,0
6556,5,8,1,420,0
6557,5,8,1,435,0
6558,5,8,1,450,0
6559,5,8,1,465,0
6560,5,8,1,480,0
6561,5,8,1,495,0
6562,5,8,1,510,0
6563,5,8,1,525,0
6564,5,8,1,540,0
6565,5,8,1,555,0
6566,5,8,1,570,0
6567,5,8,1,585,0
6568,5,8,1,600,0
6569,5,8,1,615,0
6570,5,8,1,630,0
6571,5,8,1,645,0
6572,5,8,1,660,0
6573,5,8,1,675,0
6574,5,8,1,690,0
6575,5,8,1,705,0
6576,5,8,1,720,0
6577,5,8,1,735,0
6578,5,8,1,750,0
6579,5,8,1,765,0
6580,5,8,1,780,0
6581,5,8,1,795,0
6582,5,8,1,810,0
6583,5,8,1,825,0
6584,5,8,1,840,0
6585,5,8,1,855,0
6586,5,8,1,870,0
6587,5,8,1,885,0
6588,5,8,1,900,0
6589,5,8,1,915,0
6590,5,8,1,930,0
6591,5,8,1,945,0
6592,5,8,1,960,0
6593,5,8,1,975,0
6594,5,8,1,990,0
6595,5,8,1,1005,0
6596,5,8,1,1020,0
6597,5,8,1,1035,0
6598,5,8,1,1050,0
6599,5,8,2,0,0
6600,5,8,2,15,0
6601,5,8,2,30,0
6602,5,8,2,45,0
6603,5,8,2,60,0
6604,5,8,2,75,0
6605,5,8,2,90,0
6606,5,8,2,105,0
6607,5,8,2,120,0
6608,5,8,2,135,0
6609,5,8,2,150,0
6610,5,8,2,165,0
6611,5,8,2,180,0
6612,5,8,2,195,0
6613,5,8,2,210,0
6614,5,8,2,225,0
6615,5,8,2,240,0
6616,5,8,2,255,0
6617,5,8,2,270,0
6618,5,8,2,285,0
6619,5,8,2,300,0
6620,5,8,2,315,0
6621,5,8,2,330,0
6622,5,8,2,345,0
6623,5,8,2,360,0
6624,5,8,2,375,0
6625,5,8,2,390,0
6626,5,8,2,405,0
6627,5,8,2,420,0
6628,5,8,2,435,0
6629,5,8,2,450,0
6630,5,8,2,465,0
6631,5,8,2,480,0
6632,5,8,2,495,0
6633,5,8,2,510,0
6634,5,8,2,525,0
6635,5,8,2,540,0
6636,5,8,2,555,0
6637,5,8,2,570,0
6638,5,8,2,585,0
6639,5,8,2,600,0
6640,5,8,2,615,0
6641,5,8,2,630,0
6642,5,8,2,645,0
6643,5,8,2,660,0
6644,5,8,2,675,0
6645,5,8,2,690,0
6646,5,8,2,705,0
6647,5,8,2,720,0
6648,5,8,2,735,0
6649,5,8,2,750,0
6650,5,8,2,765,0
6651,5,8,2,780,0
6652,5,8,2,795,0
6653,5,8,2,810,0
6654,5,8,2,825,0
6655,5,8,2,840,0
6656,5,8,2,855,0
6657,5,8,2,870,0
6658,5,8,2,885,0
6659,5,8,2,900,0
6660,5,8,2,915,0
6661,5,8,2,930,0
6662,5,8,2,945,0
6663,5,8,2,960,0
6664,5,8,2,975,0
6665,5,8,2,990,0
6666,5,8,2,1005,0
6667,5,8,2,1020,0
6668,5,8,2,1035,0
6669,5,8,2,1050,0
6670,5,8,3,0,0
6671,5,8,3,15,0
6672,5,8,3,30,0
6673,5,8,3,45,0
6674,5,8,3,60,0
6675,5,8,3,75,0
6676,5,8,3,90,0
6677,5,8,3,105,0
6678,5,8,3,120,0
6679,5,8,3,135,0
6680,5,8,3,150,0
6681,5,8,3,165,0
6682,5,8,3,180,0
6683,5,8,3,195,0
6684,5,8,3,210,0
6685,5,8,3,225,0
6686,5,8,3,240,0
6687,5,8,3,255,0
6688,5,8,3,270,0
6689,5,8,3,285,0
6690,5,8,3,300,0
6691,5,8,3,315,0
6692,5,8,3,330,0
6693,5,8,3,345,0
6694,5,8,3,360,0
6695,5,8,3,375,0
6696,5,8,3,390,0
6697,5,8,3,405,0
6698,5,8,3,420,0
6699,5,8,3,435,0
6700,5,8,3,450,0
6701,5,8,3,465,0
6702,5,8,3,480,0
6703,5,8,3,495,0
6704,5,8,3,510,0
6705,5,8,3,525,0
6706,5,8,3,540,0
6707,5,8,3,555,0
6708,5,8,3,570,0
6709,5,8,3,585,0
6710,5,8,3,600,0
6711,5,8,3,615,0
6712,5,8,3,630,0
6713,5,8,3,645,0
6714,5,8,3,660,0
6715,5,8,3,675,0
6716,5,8,3,690,0
6717,5,8,3,705,0
6718,5,8,3,720,0
6719,5,8,3,735,0
6720,5,8,3,750,0
6721,5,8,3,765,0
6722,5,8,3,780,0
6723,5,8,3,795,0
6724,5,8,3,810,0
6725,5,8,3,825,0
6726,5,8,3,840,0
6727,5,8,3,855,0
6728,5,8,3,870,0
6729,5,8,3,885,0
6730,5,8,3,900,0
6731,5,8,3,915,0
6732,5,8,3,930,0
6733,5,8,3,945,0
6734,5,8,3,960,0
6735,5,8,3,975,0
6736,5,8,3,990,0
6737,5,8,3,1005,0
6738,5,8,3,1020,0
6739,5,8,3,1035,0
6740,5,8,3,1050,0
6741,5,8,3,1065,0
6742,5,9,1,0,0
6743,5,9,1,15,0
6744,5,9,1,30,0
6745,5,9,1,45,0
6746,5,9,1,60,0
6747,5,9,1,75,0
6748,5,9,1,90,0
6749,5,9,1,105,0
6750,5,9,1,120,0
6751,5,9,1,135,0
6752,5,9,1,150,0
6753,5,9,2,0,0
6754,5,9,2,15,0
6755,5,9,2,30,0
6756,5,9,2,45,0
6757,5,9,2,60,0
6758,5,9,2,75,0
6759,5,9,2,90,0
6760,5,9,2,105,0
6761,5,9,2,120,0
6762,5,9,2,135,0
6763,5,9,2,150,0
6764,5,9,3,0,0
6765,5,9,3,15,0
6766,5,9,3,30,0
6767,5,9,3,45,0
6768,5,9,3,60,0
6769,5,9,3,75,0
6770,5,9,3,90,0
6771,5,9,3,105,0
6772,5,9,3,120,0
6773,5,9,3,135,0
6774,5,9,3,150,0
6775,6,1,1,0,1
6776,6,1,1,15,1
6777,6,1,1,30,1
6778,6,1,1,45,1
6779,6,1,1,60,1
6780,6,1,1,75,1
6781,6,1,1,90,1
6782,6,1,1,105,1
6783,6,1,1,120,1
6784,6,1,2,0,1
6785,6,1,2,15,1
6786,6,1,2,30,1
6787,6,1,2,45,1
6788,6,1,2,60,1
6789,6,1,2,75,1
6790,6,1,2,90,1
6791,6,1,2,105,1
6792,6,1,3,0,1
6793,6,1,3,15,1
6794,6,1,3,30,1
6795,6,1,3,45,1
6796,6,1,3,60,1
6797,6,1,3,75,1
6798,6,1,3,90,1
6799,6,1,3,105,1
6800,6,1,3,120,1
6801,6,10,1,0,0
6802,6,10,1,15,0
6803,6,10,1,30,0
6804,6,10,1,45,0
6805,6,10,1,60,0
6806,6,10,1,75,0
6807,6,10,1,90,0
6808,6,10,1,105,0
6809,6,10,1,120,0
6810,6,10,1,135,0
6811,6,10,1,150,0
6812,6,10,1,165,0
6813,6,10,1,180,0
6814,6,10,1,195,0
6815,6,10,1,210,0
6816,6,10,1,225,0
6817,6,10,1,240,0
6818,6,10,1,255,0
6819,6,10,1,270,0
6820,6,10,1,285,0
6821,6,10,1,300,0
6822,6,10,1,315,0
6823,6,10,1,330,0
6824,6,10,1,345,0
6825,6,10,1,360,0
6826,6,10,1,375,0
6827,6,10,1,390,0
6828,6,10,1,405,0
6829,6,10,2,0,0
6830,6,10,2,15,0
6831,6,10,2,30,0
6832,6,10,2,45,0
6833,6,10,2,60,0
6834,6,10,2,75,0
6835,6,10,2,90,0
6836,6,10,2,105,0
6837,6,10,2,120,0
6838,6,10,2,135,0
6839,6,10,2,150,0
6840,6,10,2,165,0
6841,6,10,2,180,0
6842,6,10,2,195,0
6843,6,10,2,210,0
6844,6,10,2,225,0
6845,6,10,2,240,0
6846,6,10,2,255,0
6847,6,10,2,270,0
6848,6,10,2,285,0
6849,6,10,2,300,0
6850,6,10,2,315,0
6851,6,10,2,330,0
6852,6,10,2,345,0
6853,6,10,2,360,0
6854,6,10,2,375,0
6855,6,10,2,390,0
6856,6,10,3,0,0
6857,6,10,3,15,0
6858,6,10,3,30,0
6859,6,10,3,45,0
6860,6,10,3,60,0
6861,6,10,3,75,0
6862,6,10,3,90,0
6863,6,10,3,105,0
6864,6,10,3,120,0
6865,6,10,3,135,0
6866,6,10,3,150,0
6867,6,10,3,165,0
6868,6,10,3,180,0
6869,6,10,3,195,0
6870,6,10,3,210,0
6871,6,10,3,225,0
6872,6,10,3,240,0
6873,6,10,3,255,0
6874,6,10,3,270,0
6875,6,10,3,285,0
6876,6,10,3,300,0
6877,6,10,3,315,0
6878,6,10,3,330,0
6879,6,10,3,345,0
6880,6,10,3,360,0
6881,6,10,3,375,0
6882,6,10,3,390,0
6883,6,10,3,405,0
6884,6,11,1,0,0
6885,6,11,1,15,0
6886,6,11,1,30,0
6887,6,11,1,45,0
6888,6,11,1,60,0
6889,6,11,1,75,0
6890,6,11,1,90,0
6891,6,11,1,105,0
6892,6,11,1,120,0
6893,6,11,1,135,0
6894,6,11,1,150,0
6895,6,11,1,165,0
6896,6,11,1,180,0
6897,6,11,1,195,0
6898,6,11,1,210,0
6899,6,11,1,225,0
6900,6,11,1,240,0
6901,6,11,1,255,0
6902,6,11,1,270,0
6903,6,11,1,285,0
6904,6,11,1,300,0
6905,6,11,1,315,0
6906,6,11,1,330,0
6907,6,11,1,345,0
6908,6,11,1,360,0
6909,6,11,1,375,0
6910,6,11,1,390,0
6911,6,11,1,405,0
6912,6,11,1,420,0
6913,6,11,1,435,0
6914,6,11,1,450,0
6915,6,11,1,465,0
6916,6,11,1,480,0
6917,6,11,1,495,0
6918,6,11,1,510,0
6919,6,11,1,525,0
6920,6,11,1,540,0
6921,6,11,1,555,0
6922,6,11,1,570,0
6923,6,11,1,585,0
6924,6,11,1,600,0
6925,6,11,1,615,0
6926,6,11,1,630,0
6927,6,11,1,645,0
6928,6,11,1,660,0
6929,6,11,1,675,0
6930,6,11,1,690,0
6931,6,11,1,705,0
6932,6,11,1,720,0
6933,6,11,1,735,0
6934,6,11,1,750,0
6935,6,11,1,765,0
6936,6,11,1,780,0
6937,6,11,1,795,0
6938,6,11,1,810,0
6939,6,11,1,825,0
6940,6,11,1,840,0
6941,6,11,2,0,0
6942,6,11,2,15,0
6943,6,11,2,30,0
6944,6,11,2,45,0
6945,6,11,2,60,0
6946,6,11,2,75,0
6947,6,11,2,90,0
6948,6,11,2,105,0
6949,6,11,2,120,0
6950,6,11,2,135,0
6951,6,11,2,150,0
6952,6,11,2,165,0
6953,6,11,2,180,0
6954,6,11,2,195,0
6955,6,11,2,210,0
6956,6,11,2,225,0
6957,6,11,2,240,0
6958,6,11,2,255,0
6959,6,11,2,270,0
6960,6,11,2,285,0
6961,6,11,2,300,0
6962,6,11,2,315,0
6963,6,11,2,330,0
6964,6,11,2,345,0
6965,6,11,2,360,0
6966,6,11,2,375,0
6967,6,11,2,390,0
6968,6,11,2,405,0
6969,6,11,2,420,0
6970,6,11,2,435,0
6971,6,11,2,450,0
6972,6,11,2,465,0
6973,6,11,2,480,0
6974,6,11,2,495,0
6975,6,11,2,510,0
6976,6,11,2,525,0
6977,6,11,2,540,0
6978,6,11,2,555,0
6979,6,11,2,570,0
6980,6,11,2,585,0
6981,6,11,2,600,0
6982,6,11,2,615,0
6983,6,11,2,630,0
6984,6,11,2,645,0
6985,6,11,2,660,0
6986,6,11,2,675,0
6987,6,11,2,690,0
6988,6,11,2,705,0
6989,6,11,2,720,0
6990,6,11,2,735,0
6991,6,11,2,750,0
6992,6,11,2,765,0
6993,6,11,2,780,0
6994,6,11,2,795,0
6995,6,11,2,810,0
6996,6,11,2,825,0
6997,6,11,2,840,0
6998,6,11,2,855,0
6999,6,11,3,0,0
7000,6,11,3,15,0
7001,6,11,3,30,0
7002,6,11,3,45,0
7003,6,11,3,60,0
7004,6,11,3,75,0
7005,6,11,3,90,0
7006,6,11,3,105,0
7007,6,11,3,120,0
7008,6,11,3,135,0
7009,6,11,3,150,0
7010,6,11,3,165,0
7011,6,11,3,180,0
7012,6,11,3,195,0
7013,6,11,3,210,0
7014,6,11,3,225,0
7015,6,11,3,240,0
7016,6,11,3,255,0
7017,6,11,3,270,0
7018,6,11,3,285,0
7019,6,11,3,300,0
7020,6,11,3,315,0
7021,6,11,3,330,0
7022,6,11,3,345,0
7023,6,11,3,360,0
7024,6,11,3,375,0
7025,6,11,3,390,0
7026,6,11,3,405,0
7027,6,11,3,420,0
7028,6,11,3,435,0
7029,6,11,3,450,0
7030,6,11,3,465,0
7031,6,11,3,480,0
7032,6,11,3,495,0
7033,6,11,3,510,0
7034,6,11,3,525,0
7035,6,11,3,540,0
7036,6,11,3,555,0
7037,6,11,3,570,0
7038,6,11,3,585,0
7039,6,11,3,600,0
7040,6,11,3,615,0
7041,6,11,3,630,0
7042,6,11,3,645,0
7043,6,11,3,660,0
7044,6,11,3,675,0
7045,6,11,3,690,0
7046,6,11,3,705,0
7047,6,11,3,720,0
7048,6,11,3,735,0
7049,6,11,3,750,0
7050,6,11,3,765,0
7051,6,11,3,780,0
7052,6,11,3,795,0
7053,6,11,3,810,0
7054,6,11,3,825,0
7055,6,11,3,840,0
7056,6,11,3,855,0
7057,6,2,1,0,1
7058,6,2,1,15,1
7059,6,2,1,30,1
7060,6,2,1,45,1
7061,6,2,1,60,1
7062,6,2,1,75,1
7063,6,2,1,90,1
7064,6,2,1,105,1
7065,6,2,2,0,1
7066,6,2,2,15,1
7067,6,2,2,30,1
7068,6,2,2,45,1
7069,6,2,2,60,1
7070,6,2,2,75,1
7071,6,2,2,90,1
7072,6,2,2,105,1
7073,6,2,2,120,1
7074,6,2,3,0,1
7075,6,2,3,15,1
7076,6,2,3,30,1
7077,6,2,3,45,1
7078,6,2,3,60,1
7079,6,2,3,75,1
7080,6,2,3,90,1
7081,6,2,3,105,1
7082,6,3,1,0,1
7083,6,3,1,15,1
7084,6,3,1,30,1
7085,6,3,1,45,1
7086,6,3,1,60,1
7087,6,3,1,75,1
7088,6,3,1,90,1
7089,6,3,1,105,1
7090,6,3,1,120,1
7091,6,3,2,0,1
7092,6,3,2,15,1
7093,6,3,2,30,1
7094,6,3,2,45,1
7095,6,3,2,60,1
7096,6,3,2,75,1
7097,6,3,2,90,1
7098,6,3,2,105,1
7099,6,3,2,120,1
7100,6,3,3,0,1
7101,6,3,3,15,1
7102,6,3,3,30,1
7103,6,3,3,45,1
7104,6,3,3,60,1
7105,6,3,3,75,1
7106,6,3,3,90,1
7107,6,3,3,105,1
7108,6,3,3,120,1
7109,6,4,1,0,1
7110,6,4,1,15,1
7111,6,4,1,30,1
7112,6,4,1,45,1
7113,6,4,1,60,1
7114,6,4,1,75,1
7115,6,4,1,90,1
7116,6,4,1,105,1
7117,6,4,1,120,1
7118,6,4,2,0,1
7119,6,4,2,15,1
7120,6,4,2,30,1
7121,6,4,2,45,1
7122,6,4,2,60,1
7123,6,4,2,75,1
7124,6,4,2,90,1
7125,6,4,2,105,1
7126,6,4,2,120,1
7127,6,4,3,0,1
7128,6,4,3,15,1
7129,6,4,3,30,1
7130,6,4,3,45,1
7131,6,4,3,60,1
7132,6,4,3,75,1
7133,6,4,3,90,1
7134,6,4,3,105,1
7135,6,4,3,120,1
7136,6,5,1,0,1
7137,6,5,1,15,1
7138,6,5,1,30,1
7139,6,5,1,45,1
7140,6,5,1,60,1
7141,6,5,1,75,1
7142,6,5,1,90,1
7143,6,5,1,105,1
7144,6,5,1,120,1
7145,6,5,2,0,1
7146,6,5,2,15,1
7147,6,5,2,30,1
7148,6,5,2,45,1
7149,6,5,2,60,1
7150,6,5,2,75,1
7151,6,5,2,90,1
7152,6,5,2,105,1
7153,6,5,3,0,1
7154,6,5,3,15,1
7155,6,5,3,30,1
7156,6,5,3,45,1
7157,6,5,3,60,1
7158,6,5,3,75,1
7159,6,5,3,90,1
7160,6,5,3,105,1
7161,6,5,3,120,1
7162,6,6,1,0,0
7163,6,6,1,15,0
7164,6,6,1,30,0
7165,6,6,1,45,0
7166,6,6,1,60,0
7167,6,6,1,75,0
7168,6,6,1,90,0
7169,6,6,1,105,0
7170,6,6,1,120,0
7171,6,6,1,135,0
7172,6,6,1,150,0
7173,6,6,1,165,0
7174,6,6,1,180,0
7175,6,6,1,195,0
7176,6,6,1,210,0
7177,6,6,1,225,0
7178,6,6,1,240,0
7179,6,6,1,255,0
7180,6,6,1,270,0
7181,6,6,1,285,0
7182,6,6,1,300,0
7183,6,6,1,315,0
7184,6,6,1,330,0
7185,6,6,1,345,0
7186,6,6,1,360,0
7187,6,6,1,375,0
7188,6,6,1,390,0
7189,6,6,1,405,0
7190,6,6,1,420,0
7191,6,6,1,435,0
7192,6,6,1,450,0
7193,6,6,1,465,0
7194,6,6,1,480,0
7195,6,6,1,495,0
7196,6,6,1,510,0
7197,6,6,1,525,0
7198,6,6,1,540,0
7199,6,6,1,555,0
7200,6,6,1,570,0
7201,6,6,1,585,0
7202,6,6,1,600,0
7203,6,6,1,615,0
7204,6,6,1,630,0
7205,6,6,1,645,0
7206,6,6,1,660,0
7207,6,6,1,675,0
7208,6,6,1,690,0
7209,6,6,1,705,0
7210,6,6,1,720,0
7211,6,6,1,735,0
7212,6,6,1,750,0
7213,6,6,1,765,0
7214,6,6,1,780,0
7215,6,6,1,795,0
7216,6,6,1,810,0
7217,6,6,1,825,0
7218,6,6,1,840,0
7219,6,6,1,855,0
7220,6,6,2,0,0
7221,6,6,2,15,0
7222,6,6,2,30,0
7223,6,6,2,45,0
7224,6,6,2,60,0
7225,6,6,2,75,0
7226,6,6,2,90,0
7227,6,6,2,105,0
7228,6,6,2,120,0
7229,6,6,2,135,0
7230,6,6,2,150,0
7231,6,6,2,165,0
7232,6,6,2,180,0
7233,6,6,2,195,0
7234,6,6,2,210,0
7235,6,6,2,225,0
7236,6,6,2,240,0
7237,6,6,2,255,0
7238,6,6,2,270,0
7239,6,6,2,285,0
7240,6,6,2,300,0
7241,6,6,2,315,0
7242,6,6,2,330,0
7243,6,6,2,345,0
7244,6,6,2,360,0
7245,6,6,2,375,0
7246,6,6,2,390,0
7247,6,6,2,405,0
7248,6,6,2,420,0
7249,6,6,2,435,0
7250,6,6,2,450,0
7251,6,6,2,465,0
7252,6,6,2,480,0
7253,6,6,2,495,0
7254,6,6,2,510,0
7255,6,6,2,525,0
7256,6,6,2,540,0
7257,6,6,2,555,0
7258,6,6,2,570,0
7259,6,6,2,585,0
7260,6,6,2,600,0
7261,6,6,2,615,0
7262,6,6,2,630,0
7263,6,6,2,645,0
7264,6,6,2,660,0
7265,6,6,2,675,0
7266,6,6,2,690,0
7267,6,6,2,705,0
7268,6,6,2,720,0
7269,6,6,2,735,0
7270,6,6,2,750,0
7271,6,6,2,765,0
7272,6,6,2,780,0
7273,6,6,2,795,0
7274,6,6,2,810,0
7275,6,6,2,825,0
7276,6,6,2,840,0
7277,6,6,2,855,0
7278,6,6,3,0,0
7279,6,6,3,15,0
7280,6,6,3,30,0
7281,6,6,3,45,0
7282,6,6,3,60,0
7283,6,6,3,75,0
7284,6,6,3,90,0
7285,6,6,3,105,0
7286,6,6,3,120,0
7287,6,6,3,135,0
7288,6,6,3,150,0
7289,6,6,3,165,0
7290,6,6,3,180,0
7291,6,6,3,195,0
7292,6,6,3,210,0
7293,6,6,3,225,0
7294,6,6,3,240,0
7295,6,6,3,255,0
7296,6,6,3,270,0
7297,6,6,3,285,0
7298,6,6,3,300,0
7299,6,6,3,315,0
7300,6,6,3,330,0
7301,6,6,3,345,0
7302,6,6,3,360,0
7303,6,6,3,375,0
7304,6,6,3,390,0
7305,6,6,3,405,0
7306,6,6,3,420,0
7307,6,6,3,435,0
7308,6,6,3,450,0
7309,6,6,3,465,0
7310,6,6,3,480,0
7311,6,6,3,495,0
7312,6,6,3,510,0
7313,6,6,3,525,0
7314,6,6,3,540,0
7315,6,6,3,555,0
7316,6,6,3,570,0
7317,6,6,3,585,0
7318,6,6,3,600,0
7319,6,6,3,615,0
7320,6,6,3,630,0
7321,6,6,3,645,0
7322,6,6,3,660,0
7323,6,6,3,675,0
7324,6,6,3,690,0
7325,6,6,3,705,0
7326,6,6,3,720,0
7327,6,6,3,735,0
7328,6,6,3,750,0
7329,6,6,3,765,0
7330,6,6,3,780,0
7331,6,6,3,795,0
7332,6,6,3,810,0
7333,6,6,3,825,0
7334,6,6,3,840,0
7335,6,6,3,855,0
7336,6,7,1,0,0
7337,6,7,1,15,0
7338,6,7,1,30,0
7339,6,7,1,45,0
7340,6,7,1,60,0
7341,6,7,1,75,0
7342,6,7,1,90,0
7343,6,7,1,105,0
7344,6,7,1,120,0
7345,6,7,1,135,0
7346,6,7,1,150,0
7347,6,7,1,165,0
7348,6,7,1,180,0
7349,6,7,1,195,0
7350,6,7,1,210,0
7351,6,7,1,225,0
7352,6,7,1,240,0
7353,6,7,1,255,0
7354,6,7,1,270,0
7355,6,7,1,285,0
7356,6,7,1,300,0
7357,6,7,1,315,0
7358,6,7,1,330,0
7359,6,7,1,345,0
7360,6,7,1,360,0
7361,6,7,1,375,0
7362,6,7,1,390,0
7363,6,7,1,405,0
7364,6,7,1,420,0
7365,6,7,1,435,0
7366,6,7,1,450,0
7367,6,7,1,465,0
7368,6,7,1,480,0
7369,6,7,1,495,0
7370,6,7,1,510,0
7371,6,7,1,525,0
7372,6,7,1,540,0
7373,6,7,1,555,0
7374,6,7,1,570,0
7375,6,7,1,585,0
7376,6,7,1,600,0
7377,6,7,1,615,0
7378,6,7,1,630,0
7379,6,7,1,645,0
7380,6,7,1,660,0
7381,6,7,1,675,0
7382,6,7,1,690,0
7383,6,7,1,705,0
7384,6,7,1,720,0
7385,6,7,1,735,0
7386,6,7,1,750,0
7387,6,7,1,765,0
7388,6,7,1,780,0
7389,6,7,1,795,0
7390,6,7,1,810,0
7391,6,7,1,825,0
7392,6,7,1,840,0
7393,6,7,2,0,0
7394,6,7,2,15,0
7395,6,7,2,30,0
7396,6,7,2,45,0
7397,6,7,2,60,0
7398,6,7,2,75,0
7399,6,7,2,90,0
7400,6,7,2,105,0
7401,6,7,2,120,0
7402,6,7,2,135,0
7403,6,7,2,150,0
7404,6,7,2,165,0
7405,6,7,2,180,0
7406,6,7,2,195,0
7407,6,7,2,210,0
7408,6,7,2,225,0
7409,6,7,2,240,0
7410,6,7,2,255,0
7411,6,7,2,270,0
7412,6,7,2,285,0
7413,6,7,2,300,0
7414,6,7,2,315,0
7415,6,7,2,330,0
7416,6,7,2,345,0
7417,6,7,2,360,0
7418,6,7,2,375,0
7419,6,7,2,390,0
7420,6,7,2,405,0
7421,6,7,2,420,0
7422,6,7,2,435,0
7423,6,7,2,450,0
7424,6,7,2,465,0
7425,6,7,2,480,0
7426,6,7,2,495,0
7427,6,7,2,510,0
7428,6,7,2,525,0
7429,6,7,2,540,0
7430,6,7,2,555,0
7431,6,7,2,570,0
7432,6,7,2,585,0
7433,6,7,2,600,0
7434,6,7,2,615,0
7435,6,7,2,630,0
7436,6,7,2,645,0
7437,6,7,2,660,0
7438,6,7,2,675,0
7439,6,7,2,690,0
7440,6,7,2,705,0
7441,6,7,2,720,0
7442,6,7,2,735,0
7443,6,7,2,750,0
7444,6,7,2,765,0
7445,6,7,2,780,0
7446,6,7,2,795,0
7447,6,7,2,810,0
7448,6,7,2,825,0
7449,6,7,2,840,0
7450,6,7,3,0,0
7451,6,7,3,15,0
7452,6,7,3,30,0
7453,6,7,3,45,0
7454,6,7,3,60,0
7455,6,7,3,75,0
7456,6,7,3,90,0
7457,6,7,3,105,0
7458,6,7,3,120,0
7459,6,7,3,135,0
7460,6,7,3,150,0
7461,6,7,3,165,0
7462,6,7,3,180,0
7463,6,7,3,195,0
7464,6,7,3,210,0
7465,6,7,3,225,0
7466,6,7,3,240,0
7467,6,7,3,255,0
7468,6,7,3,270,0
7469,6,7,3,285,0
7470,6,7,3,300,0
7471,6,7,3,315,0
7472,6,7,3,330,0
7473,6,7,3,345,0
7474,6,7,3,360,0
7475,6,7,3,375,0
7476,6,7,3,390,0
7477,6,7,3,405,0
7478,6,7,3,420,0
7479,6,7,3,435,0
7480,6,7,3,450,0
7481,6,7,3,465,0
7482,6,7,3,480,0
7483,6,7,3,495,0
7484,6,7,3,510,0
7485,6,7,3,525,0
7486,6,7,3,540,0
7487,6,7,3,555,0
7488,6,7,3,570,0
7489,6,7,3,585,0
7490,6,7,3,600,0
7491,6,7,3,615,0
7492,6,7,3,630,0
7493,6,7,3,645,0
7494,6,7,3,660,0
7495,6,7,3,675,0
7496,6,7,3,690,0
7497,6,7,3,705,0
7498,6,7,3,720,0
7499,6,7,3,735,0
7500,6,7,3,750,0
7501,6,7,3,765,0
7502,6,7,3,780,0
7503,6,7,3,795,0
7504,6,7,3,810,0
7505,6,7,3,825,0
7506,6,7,3,840,0
7507,6,8,1,0,0
7508,6,8,1,15,0
7509,6,8,1,30,0
7510,6,8,1,45,0
7511,6,8,1,60,0
7512,6,8,1,75,0
7513,6,8,1,90,0
7514,6,8,1,105,0
7515,6,8,1,120,0
7516,6,8,1,135,0
7517,6,8,1,150,0
7518,6,8,1,165,0
7519,6,8,1,180,0
7520,6,8,1,195,0
7521,6,8,1,210,0
7522,6,8,1,225,0
7523,6,8,1,240,0
7524,6,8,1,255,0
7525,6,8,1,270,0
7526,6,8,1,285,0
7527,6,8,1,300,0
7528,6,8,1,315,0
7529,6,8,1,330,0
7530,6,8,1,345,0
7531,6,8,1,360,0
7532,6,8,1,375,0
7533,6,8,1,390,0
7534,6,8,1,405,0
7535,6,8,1,420,0
7536,6,8,1,435,0
7537,6,8,1,450,0
7538,6,8,1,465,0
7539,6,8,1,480,0
7540,6,8,1,495,0
7541,6,8,1,510,0
7542,6,8,1,525,0
7543,6,8,1,540,0
7544,6,8,1,555,0
7545,6,8,1,570,0
7546,6,8,1,585,0
7547,6,8,1,600,0
7548,6,8,1,615,0
7549,6,8,1,630,0
7550,6,8,1,645,0
7551,6,8,1,660,0
7552,6,8,1,675,0
7553,6,8,1,690,0
7554,6,8,1,705,0
7555,6,8,1,720,0
7556,6,8,1,735,0
7557,6,8,1,750,0
7558,6,8,1,765,0
7559,6,8,1,780,0
7560,6,8,1,795,0
7561,6,8,1,810,0
7562,6,8,1,825,0
7563,6,8,2,0,0
7564,6,8,2,15,0
7565,6,8,2,30,0
7566,6,8,2,45,0
7567,6,8,2,60,0
7568,6,8,2,75,0
7569,6,8,2,90,0
7570,6,8,2,105,0
7571,6,8,2,120,0
7572,6,8,2,135,0
7573,6,8,2,150,0
7574,6,8,2,165,0
7575,6,8,2,180,0
7576,6,8,2,195,0
7577,6,8,2,210,0
7578,6,8,2,225,0
7579,6,8,2,240,0
7580,6,8,2,255,0
7581,6,8,2,270,0
7582,6,8,2,285,0
7583,6,8,2,300,0
7584,6,8,2,315,0
7585,6,8,2,330,0
7586,6,8,2,345,0
7587,6,8,2,360,0
7588,6,8,2,375,0
7589,6,8,2,390,0
7590,6,8,2,405,0
7591,6,8,2,420,0
7592,6,8,2,435,0
7593,6,8,2,450,0
7594,6,8,2,465,0
7595,6,8,2,480,0
7596,6,8,2,495,0
7597,6,8,2,510,0
7598,6,8,2,525,0
7599,6,8,2,540,0
7600,6,8,2,555,0
7601,6,8,2,570,0
7602,6,8,2,585,0
7603,6,8,2,600,0
7604,6,8,2,615,0
7605,6,8,2,630,0
7606,6,8,2,645,0
7607,6,8,2,660,0
7608,6,8,2,675,0
7609,6,8,2,690,0
7610,6,8,2,705,0
7611,6,8,2,720,0
7612,6,8,2,735,0
7613,6,8,2,750,0
7614,6,8,2,765,0
7615,6,8,2,780,0
7616,6,8,2,795,0
7617,6,8,2,810,0
7618,6,8,2,825,0
7619,6,8,3,0,0
7620,6,8,3,15,0
7621,6,8,3,30,0
7622,6,8,3,45,0
7623,6,8,3,60,0
7624,6,8,3,75,0
7625,6,8,3,90,0
7626,6,8,3,105,0
7627,6,8,3,120,0
7628,6,8,3,135,0
7629,6,8,3,150,0
7630,6,8,3,165,0
7631,6,8,3,180,0
7632,6,8,3,195,0
7633,6,8,3,210,0
7634,6,8,3,225,0
7635,6,8,3,240,0
7636,6,8,3,255,0
7637,6,8,3,270,0
7638,6,8,3,285,0
7639,6,8,3,300,0
7640,6,8,3,315,0
7641,6,8,3,330,0
7642,6,8,3,345,0
7643,6,8,3,360,0
7644,6,8,3,375,0
7645,6,8,3,390,0
7646,6,8,3,405,0
7647,6,8,3,420,0
7648,6,8,3,435,0
7649,6,8,3,450,0
7650,6,8,3,465,0
7651,6,8,3,480,0
7652,6,8,3,495,0
7653,6,8,3,510,0
7654,6,8,3,525,0
7655,6,8,3,540,0
7656,6,8,3,555,0
7657,6,8,3,570,0
7658,6,8,3,585,0
7659,6,8,3,600,0
7660,6,8,3,615,0
7661,6,8,3,630,0
7662,6,8,3,645,0
7663,6,8,3,660,0
7664,6,8,3,675,0
7665,6,8,3,690,0
7666,6,8,3,705,0
7667,6,8,3,720,0
7668,6,8,3,735,0
7669,6,8,3,750,0
7670,6,8,3,765,0
7671,6,8,3,780,0
7672,6,8,3,795,0
7673,6,8,3,810,0
7674,6,8,3,825,0
7675,6,9,1,0,0
7676,6,9,1,15,0
7677,6,9,1,30,0
7678,6,9,1,45,0
7679,6,9,1,60,0
7680,6,9,1,75,0
7681,6,9,1,90,0
7682,6,9,1,105,0
7683,6,9,2,0,0
7684,6,9,2,15,0
7685,6,9,2,30,0
7686,6,9,2,45,0
7687,6,9,2,60,0
7688,6,9,2,75,0
7689,6,9,2,90,0
7690,6,9,2,105,0
7691,6,9,3,0,0
7692,6,9,3,15,0
7693,6,9,3,30,0
7694,6,9,3,45,0
7695,6,9,3,60,0
7696,6,9,3,75,0
7697,6,9,3,90,0
7698,6,9,3,105,0
7699,7,1,1,0,1
7700,7,1,1,15,1
7701,7,1,1,30,1
7702,7,1,1,45,1
7703,7,1,1,60,1
7704,7,1,1,75,1
7705,7,1,1,90,1
7706,7,1,1,105,1
7707,7,1,1,120,1
7708,7,1,1,135,1
7709,7,1,1,150,1
7710,7,1,2,0,1
7711,7,1,2,15,1
7712,7,1,2,30,1
7713,7,1,2,45,1
7714,7,1,2,60,1
7715,7,1,2,75,1
7716,7,1,2,90,1
7717,7,1,2,105,1
7718,7,1,2,120,1
7719,7,1,2,135,1
7720,7,1,2,150,1
7721,7,1,3,0,1
7722,7,1,3,15,1
7723,7,1,3,30,1
7724,7,1,3,45,1
7725,7,1,3,60,1
7726,7,1,3,75,1
7727,7,1,3,90,1
7728,7,1,3,105,1
7729,7,1,3,120,1
7730,7,1,3,135,1
7731,7,1,3,150,1
7732,7,10,1,0,0
7733,7,10,1,15,0
7734,7,10,1,30,0
7735,7,10,1,45,0
7736,7,10,1,60,0
7737,7,10,1,75,0
7738,7,10,1,90,0
7739,7,10,1,105,0
7740,7,10,1,120,0
7741,7,10,1,135,0
7742,7,10,1,150,0
7743,7,10,1,165,0
7744,7,10,1,180,0
7745,7,10,1,195,0
7746,7,10,1,210,0
7747,7,10,1,225,0
7748,7,10,1,240,0
7749,7,10,1,255,0
7750,7,10,1,270,0
7751,7,10,1,285,0
7752,7,10,1,300,0
7753,7,10,1,315,0
7754,7,10,1,330,0
7755,7,10,1,345,0
7756,7,10,1,360,0
7757,7,10,1,375,0
7758,7,10,1,390,0
7759,7,10,1,405,0
7760,7,10,1,420,0
7761,7,10,1,435,0
7762,7,10,1,450,0
7763,7,10,1,465,0
7764,7,10,1,480,0
7765,7,10,1,495,0
7766,7,10,1,510,0
7767,7,10,1,525,0
7768,7,10,1,540,0
7769,7,10,2,0,0
7770,7,10,2,15,0
7771,7,10,2,30,0
7772,7,10,2,45,0
7773,7,10,2,60,0
7774,7,10,2,75,0
7775,7,10,2,90,0
7776,7,10,2,105,0
7777,7,10,2,120,0
7778,7,10,2,135,0
7779,7,10,2,150,0
7780,7,10,2,165,0
7781,7,10,2,180,0
7782,7,10,2,195,0
7783,7,10,2,210,0
7784,7,10,2,225,0
7785,7,10,2,240,0
7786,7,10,2,255,0
7787,7,10,2,270,0
7788,7,10,2,285,0
7789,7,10,2,300,0
7790,7,10,2,315,0
7791,7,10,2,330,0
7792,7,10,2,345,0
7793,7,10,2,360,0
7794,7,10,2,375,0
7795,7,10,2,390,0
7796,7,10,2,405,0
7797,7,10,2,420,0
7798,7,10,2,435,0
7799,7,10,2,450,0
7800,7,10,2,465,0
7801,7,10,2,480,0
7802,7,10,2,495,0
7803,7,10,2,510,0
7804,7,10,2,525,0
7805,7,10,3,0,0
7806,7,10,3,15,0
7807,7,10,3,30,0
7808,7,10,3,45,0
7809,7,10,3,60,0
7810,7,10,3,75,0
7811,7,10,3,90,0
7812,7,10,3,105,0
7813,7,10,3,120,0
7814,7,10,3,135,0
7815,7,10,3,150,0
7816,7,10,3,165,0
7817,7,10,3,180,0
7818,7,10,3,195,0
7819,7,10,3,210,0
7820,7,10,3,225,0
7821,7,10,3,240,0
7822,7,10,3,255,0
7823,7,10,3,270,0
7824,7,10,3,285,0
7825,7,10,3,300,0
7826,7,10,3,315,0
7827,7,10,3,330,0
7828,7,10,3,345,0
7829,7,10,3,360,0
7830,7,10,3,375,0
7831,7,10,3,390,0
7832,7,10,3,405,0
7833,7,10,3,420,0
7834,7,10,3,435,0
7835,7,10,3,450,0
7836,7,10,3,465,0
7837,7,10,3,480,0
7838,7,10,3,495,0
7839,7,10,3,510,0
7840,7,10,3,525,0
7841,7,11,1,0,0
7842,7,11,1,15,0
7843,7,11,1,30,0
7844,7,11,1,45,0
7845,7,11,1,60,0
7846,7,11,1,75,0
7847,7,11,1,90,0
7848,7,11,1,105,0
7849,7,11,1,120,0
7850,7,11,1,135,0
7851,7,11,1,150,0
7852,7,11,1,165,0
7853,7,11,1,180,0
7854,7,11,1,195,0
7855,7,11,1,210,0
7856,7,11,1,225,0
7857,7,11,1,240,0
7858,7,11,1,255,0
7859,7,11,1,270,0
7860,7,11,1,285,0
7861,7,11,1,300,0
7862,7,11,1,315,0
7863,7,11,1,330,0
7864,7,11,1,345,0
7865,7,11,1,360,0
7866,7,11,1,375,0
7867,7,11,1,390,0
7868,7,11,1,405,0
7869,7,11,1,420,0
7870,7,11,1,435,0
7871,7,11,1,450,0
7872,7,11,1,465,0
7873,7,11,1,480,0
7874,7,11,1,495,0
7875,7,11,1,510,0
7876,7,11,1,525,0
7877,7,11,1,540,0
7878,7,11,1,555,0
7879,7,11,1,570,0
7880,7,11,1,585,0
7881,7,11,1,600,0
7882,7,11,1,615,0
7883,7,11,1,630,0
7884,7,11,1,645,0
7885,7,11,1,660,0
7886,7,11,1,675,0
7887,7,11,1,690,0
7888,7,11,1,705,0
7889,7,11,1,720,0
7890,7,11,1,735,0
7891,7,11,1,750,0
7892,7,11,1,765,0
7893,7,11,1,780,0
7894,7,11,1,795,0
7895,7,11,1,810,0
7896,7,11,1,825,0
7897,7,11,1,840,0
7898,7,11,1,855,0
7899,7,11,1,870,0
7900,7,11,1,885,0
7901,7,11,1,900,0
7902,7,11,1,915,0
7903,7,11,1,930,0
7904,7,11,1,945,0
7905,7,11,1,960,0
7906,7,11,1,975,0
7907,7,11,1,990,0
7908,7,11,1,1005,0
7909,7,11,1,1020,0
7910,7,11,1,1035,0
7911,7,11,1,1050,0
7912,7,11,1,1065,0
7913,7,11,1,1080,0
7914,7,11,2,0,0
7915,7,11,2,15,0
7916,7,11,2,30,0
7917,7,11,2,45,0
7918,7,11,2,60,0
7919,7,11,2,75,0
7920,7,11,2,90,0
7921,7,11,2,105,0
7922,7,11,2,120,0
7923,7,11,2,135,0
7924,7,11,2,150,0
7925,7,11,2,165,0
7926,7,11,2,180,0
7927,7,11,2,195,0
7928,7,11,2,210,0
7929,7,11,2,225,0
7930,7,11,2,240,0
7931,7,11,2,255,0
7932,7,11,2,270,0
7933,7,11,2,285,0
7934,7,11,2,300,0
7935,7,11,2,315,0
7936,7,11,2,330,0
7937,7,11,2,345,0
7938,7,11,2,360,0
7939,7,11,2,375,0
7940,7,11,2,390,0
7941,7,11,2,405,0
7942,7,11,2,420,0
7943,7,11,2,435,0
7944,7,11,2,450,0
7945,7,11,2,465,0
7946,7,11,2,480,0
7947,7,11,2,495,0
7948,7,11,2,510,0
7949,7,11,2,525,0
7950,7,11,2,540,0
7951,7,11,2,555,0
7952,7,11,2,570,0
7953,7,11,2,585,0
7954,7,11,2,600,0
7955,7,11,2,615,0
7956,7,11,2,630,0
7957,7,11,2,645,0
7958,7,11,2,660,0
7959,7,11,2,675,0
7960,7,11,2,690,0
7961,7,11,2,705,0
7962,7,11,2,720,0
7963,7,11,2,735,0
7964,7,11,2,750,0
7965,7,11,2,765,0
7966,7,11,2,780,0
7967,7,11,2,795,0
7968,7,11,2,810,0
7969,7,11,2,825,0
7970,7,11,2,840,0
7971,7,11,2,855,0
7972,7,11,2,870,0
7973,7,11,2,885,0
7974,7,11,2,900,0
7975,7,11,2,915,0
7976,7,11,2,930,0
7977,7,11,2,945,0
7978,7,11,2,960,0
7979,7,11,2,975,0
7980,7,11,2,990,0
7981,7,11,2,1005,0
7982,7,11,3,0,0
7983,7,11,3,15,0
7984,7,11,3,30,0
7985,7,11,3,45,0
7986,7,11,3,60,0
7987,7,11,3,75,0
7988,7,11,3,90,0
7989,7,11,3,105,0
7990,7,11,3,120,0
7991,7,11,3,135,0
7992,7,11,3,150,0
7993,7,11,3,165,0
7994,7,11,3,180,0
7995,7,11,3,195,0
7996,7,11,3,210,0
7997,7,11,3,225,0
7998,7,11,3,240,0
7999,7,11,3,255,0
8000,7,11,3,270,0
8001,7,11,3,285,0
8002,7,11,3,300,0
8003,7,11,3,315,0
8004,7,11,3,330,0
8005,7,11,3,345,0
8006,7,11,3,360,0
8007,7,11,3,375,0
8008,7,11,3,390,0
8009,7,11,3,405,0
8010,7,11,3,420,0
8011,7,11,3,435,0
8012,7,11,3,450,0
8013,7,11,3,465,0
8014,7,11,3,480,0
8015,7,11,3,495,0
8016,7,11,3,510,0
8017,7,11,3,525,0
8018,7,11,3,540,0
8019,7,11,3,555,0
8020,7,11,3,570,0
8021,7,11,3,585,0
8022,7,11,3,600,0
8023,7,11,3,615,0
8024,7,11,3,630,0
8025,7,11,3,645,0
8026,7,11,3,660,0
8027,7,11,3,675,0
8028,7,11,3,690,0
8029,7,11,3,705,0
8030,7,11,3,720,0
8031,7,11,3,735,0
8032,7,11,3,750,0
8033,7,11,3,765,0
8034,7,11,3,780,0
8035,7,11,3,795,0
8036,7,11,3,810,0
8037,7,11,3,825,0
8038,7,11,3,840,0
8039,7,11,3,855,0
8040,7,11,3,870,0
8041,7,11,3,885,0
8042,7,11,3,900,0
8043,7,11,3,915,0
8044,7,11,3,930,0
8045,7,11,3,945,0
8046,7,11,3,960,0
8047,7,11,3,975,0
8048,7,11,3,990,0
8049,7,11,3,1005,0
8050,7,11,3,1020,0
8051,7,2,1,0,1
8052,7,2,1,15,1
8053,7,2,1,30,1
8054,7,2,1,45,1
8055,7,2,1,60,1
8056,7,2,1,75,1
8057,7,2,1,90,1
8058,7,2,1,105,1
8059,7,2,1,120,1
8060,7,2,1,135,1
8061,7,2,1,150,1
8062,7,2,2,0,1
8063,7,2,2,15,1
8064,7,2,2,30,1
8065,7,2,2,45,1
8066,7,2,2,60,1
8067,7,2,2,75,1
8068,7,2,2,90,1
8069,7,2,2,105,1
8070,7,2,2,120,1
8071,7,2,2,135,1
8072,7,2,2,150,1
8073,7,2,3,0,1
8074,7,2,3,15,1
8075,7,2,3,30,1
8076,7,2,3,45,1
8077,7,2,3,60,1
8078,7,2,3,75,1
8079,7,2,3,90,1
8080,7,2,3,105,1
8081,7,2,3,120,1
8082,7,2,3,135,1
8083,7,2,3,150,1
8084,7,3,1,0,1
8085,7,3,1,15,1
8086,7,3,1,30,1
8087,7,3,1,45,1
8088,7,3,1,60,1
8089,7,3,1,75,1
8090,7,3,1,90,1
8091,7,3,1,105,1
8092,7,3,1,120,1
8093,7,3,1,135,1
8094,7,3,1,150,1
8095,7,3,2,0,1
8096,7,3,2,15,1
8097,7,3,2,30,1
8098,7,3,2,45,1
8099,7,3,2,60,1
8100,7,3,2,75,1
8101,7,3,2,90,1
8102,7,3,2,105,1
8103,7,3,2,120,1
8104,7,3,2,135,1
8105,7,3,2,150,1
8106,7,3,3,0,1
8107,7,3,3,15,1
8108,7,3,3,30,1
8109,7,3,3,45,1
8110,7,3,3,60,1
8111,7,3,3,75,1
8112,7,3,3,90,1
8113,7,3,3,105,1
8114,7,3,3,120,1
8115,7,3,3,135,1
8116,7,3,3,150,1
8117,7,4,1,0,1
8118,7,4,1,15,1
8119,7,4,1,30,1
8120,7,4,1,45,1
8121,7,4,1,60,1
8122,7,4,1,75,1
8123,7,4,1,90,1
8124,7,4,1,105,1
8125,7,4,1,120,1
8126,7,4,1,135,1
8127,7,4,1,150,1
8128,7,4,2,0,1
8129,7,4,2,15,1
8130,7,4,2,30,1
8131,7,4,2,45,1
8132,7,4,2,60,1
8133,7,4,2,75,1
8134,7,4,2,90,1
8135,7,4,2,105,1
8136,7,4,2,120,1
8137,7,4,2,135,1
8138,7,4,2,150,1
8139,7,4,3,0,1
8140,7,4,3,15,1
8141,7,4,3,30,1
8142,7,4,3,45,1
8143,7,4,3,60,1
8144,7,4,3,75,1
8145,7,4,3,90,1
8146,7,4,3,105,1
8147,7,4,3,120,1
8148,7,4,3,135,1
8149,7,4,3,150,1
8150,7,5,1,0,1
8151,7,5,1,15,1
8152,7,5,1,30,1
8153,7,5,1,45,1
8154,7,5,1,60,1
8155,7,5,1,75,1
8156,7,5,1,90,1
8157,7,5,1,105,1
8158,7,5,1,120,1
8159,7,5,1,135,1
8160,7,5,1,150,1
8161,7,5,2,0,1
8162,7,5,2,15,1
8163,7,5,2,30,1
8164,7,5,2,45,1
8165,7,5,2,60,1
8166,7,5,2,75,1
8167,7,5,2,90,1
8168,7,5,2,105,1
8169,7,5,2,120,1
8170,7,5,2,135,1
8171,7,5,2,150,1
8172,7,5,3,0,1
8173,7,5,3,15,1
8174,7,5,3,30,1
8175,7,5,3,45,1
8176,7,5,3,60,1
8177,7,5,3,75,1
8178,7,5,3,90,1
8179,7,5,3,105,1
8180,7,5,3,120,1
8181,7,5,3,135,1
8182,7,5,3,150,1
8183,7,6,1,0,0
8184,7,6,1,15,0
8185,7,6,1,30,0
8186,7,6,1,45,0
8187,7,6,1,60,0
8188,7,6,1,75,0
8189,7,6,1,90,0
8190,7,6,1,105,0
8191,7,6,1,120,0
8192,7,6,1,135,0
8193,7,6,1,150,0
8194,7,6,1,165,0
8195,7,6,1,180,0
8196,7,6,1,195,0
8197,7,6,1,210,0
8198,7,6,1,225,0
8199,7,6,1,240,0
8200,7,6,1,255,0
8201,7,6,1,270,0
8202,7,6,1,285,0
8203,7,6,1,300,0
8204,7,6,1,315,0
8205,7,6,1,330,0
8206,7,6,1,345,0
8207,7,6,1,360,0
8208,7,6,1,375,0
8209,7,6,1,390,0
8210,7,6,1,405,0
8211,7,6,1,420,0
8212,7,6,1,435,0
8213,7,6,1,450,0
8214,7,6,1,465,0
8215,7,6,1,480,0
8216,7,6,1,495,0
8217,7,6,1,510,0
8218,7,6,1,525,0
8219,7,6,1,540,0
8220,7,6,1,555,0
8221,7,6,1,570,0
8222,7,6,1,585,0
8223,7,6,1,600,0
8224,7,6,1,615,0
8225,7,6,1,630,0
8226,7,6,1,645,0
8227,7,6,1,660,0
8228,7,6,1,675,0
8229,7,6,1,690,0
8230,7,6,1,705,0
8231,7,6,1,720,0
8232,7,6,1,735,0
8233,7,6,1,750,0
8234,7,6,1,765,0
8235,7,6,1,780,0
8236,7,6,1,795,0
8237,7,6,1,810,0
8238,7,6,1,825,0
8239,7,6,1,840,0
8240,7,6,1,855,0
8241,7,6,1,870,0
8242,7,6,1,885,0
8243,7,6,1,900,0
8244,7,6,1,915,0
8245,7,6,1,930,0
8246,7,6,1,945,0
8247,7,6,1,960,0
8248,7,6,1,975,0
8249,7,6,1,990,0
8250,7,6,1,1005,0
8251,7,6,1,1020,0
8252,7,6,1,1035,0
8253,7,6,1,1050,0
8254,7,6,1,1065,0
8255,7,6,1,1080,0
8256,7,6,2,0,0
8257,7,6,2,15,0
8258,7,6,2,30,0
8259,7,6,2,45,0
8260,7,6,2,60,0
8261,7,6,2,75,0
8262,7,6,2,90,0
8263,7,6,2,105,0
8264,7,6,2,120,0
8265,7,6,2,135,0
8266,7,6,2,150,0
8267,7,6,2,165,0
8268,7,6,2,180,0
8269,7,6,2,195,0
8270,7,6,2,210,0
8271,7,6,2,225,0
8272,7,6,2,240,0
8273,7,6,2,255,0
8274,7,6,2,270,0
8275,7,6,2,285,0
8276,7,6,2,300,0
8277,7,6,2,315,0
8278,7,6,2,330,0
8279,7,6,2,345,0
8280,7,6,2,360,0
8281,7,6,2,375,0
8282,7,6,2,390,0
8283,7,6,2,405,0
8284,7,6,2,420,0
8285,7,6,2,435,0
8286,7,6,2,450,0
8287,7,6,2,465,0
8288,7,6,2,480,0
8289,7,6,2,495,0
8290,7,6,2,510,0
8291,7,6,2,525,0
8292,7,6,2,540,0
8293,7,6,2,555,0
8294,7,6,2,570,0
8295,7,6,2,585,0
8296,7,6,2,600,0
8297,7,6,2,615,0
8298,7,6,2,630,0
8299,7,6,2,645,0
8300,7,6,2,660,0
8301,7,6,2,675,0
8302,7,6,2,690,0
8303,7,6,2,705,0
8304,7,6,2,720,0
8305,7,6,2,735,0
8306,7,6,2,750,0
8307,7,6,2,765,0
8308,7,6,2,780,0
8309,7,6,2,795,0
8310,7,6,2,810,0
8311,7,6,2,825,0
8312,7,6,2,840,0
8313,7,6,2,855,0
8314,7,6,2,870,0
8315,7,6,2,885,0
8316,7,6,2,900,0
8317,7,6,2,915,0
8318,7,6,2,930,0
8319,7,6,2,945,0
8320,7,6,2,960,0
8321,7,6,2,975,0
8322,7,6,2,990,0
8323,7,6,2,1005,0
8324,7,6,2,1020,0
8325,7,6,2,1035,0
8326,7,6,2,1050,0
8327,7,6,2,1065,0
8328,7,6,2,1080,0
8329,7,6,2,1095,0
8330,7,6,3,0,0
8331,7,6,3,15,0
8332,7,6,3,30,0
8333,7,6,3,45,0
8334,7,6,3,60,0
8335,7,6,3,75,0
8336,7,6,3,90,0
8337,7,6,3,105,0
8338,7,6,3,120,0
8339,7,6,3,135,0
8340,7,6,3,150,0
8341,7,6,3,165,0
8342,7,6,3,180,0
8343,7,6,3,195,0
8344,7,6,3,210,0
8345,7,6,3,225,0
8346,7,6,3,240,0
8347,7,6,3,255,0
8348,7,6,3,270,0
8349,7,6,3,285,0
8350,7,6,3,300,0
8351,7,6,3,315,0
8352,7,6,3,330,0
8353,7,6,3,345,0
8354,7,6,3,360,0
8355,7,6,3,375,0
8356,7,6,3,390,0
8357,7,6,3,405,0
8358,7,6,3,420,0
8359,7,6,3,435,0
8360,7,6,3,450,0
8361,7,6,3,465,0
8362,7,6,3,480,0
8363,7,6,3,495,0
8364,7,6,3,510,0
8365,7,6,3,525,0
8366,7,6,3,540,0
8367,7,6,3,555,0
8368,7,6,3,570,0
8369,7,6,3,585,0
8370,7,6,3,600,0
8371,7,6,3,615,0
8372,7,6,3,630,0
8373,7,6,3,645,0
8374,7,6,3,660,0
8375,7,6,3,675,0
8376,7,6,3,690,0
8377,7,6,3,705,0
8378,7,6,3,720,0
8379,7,6,3,735,0
8380,7,6,3,750,0
8381,7,6,3,765,0
8382,7,6,3,780,0
8383,7,6,3,795,0
8384,7,6,3,810,0
8385,7,6,3,825,0
8386,7,6,3,840,0
8387,7,6,3,855,0
8388,7,6,3,870,0
8389,7,6,3,885,0
8390,7,6,3,900,0
8391,7,6,3,915,0
8392,7,6,3,930,0
8393,7,6,3,945,0
8394,7,6,3,960,0
8395,7,6,3,975,0
8396,7,6,3,990,0
8397,7,6,3,1005,0
8398,7,6,3,1020,0
8399,7,6,3,1035,0
8400,7,6,3,1050,0
8401,7,6,3,1065,0
8402,7,6,3,1080,0
8403,7,7,1,0,0
8404,7,7,1,15,0
8405,7,7,1,30,0
8406,7,7,1,45,0
8407,7,7,1,60,0
8408,7,7,1,75,0
8409,7,7,1,90,0
8410,7,7,1,105,0
8411,7,7,1,120,0
8412,7,7,1,135,0
8413,7,7,1,150,0
8414,7,7,1,165,0
8415,7,7,1,180,0
8416,7,7,1,195,0
8417,7,7,1,210,0
8418,7,7,1,225,0
8419,7,7,1,240,0
8420,7,7,1,255,0
8421,7,7,1,270,0
8422,7,7,1,285,0
8423,7,7,1,300,0
8424,7,7,1,315,0
8425,7,7,1,330,0
8426,7,7,1,345,0
8427,7,7,1,360,0
8428,7,7,1,375,0
8429,7,7,1,390,0
8430,7,7,1,405,0
8431,7,7,1,420,0
8432,7,7,1,435,0
8433,7,7,1,450,0
8434,7,7,1,465,0
8435,7,7,1,480,0
8436,7,7,1,495,0
8437,7,7,1,510,0
8438,7,7,1,525,0
8439,7,7,1,540,0
8440,7,7,1,555,0
8441,7,7,1,570,0
8442,7,7,1,585,0
8443,7,7,1,600,0
8444,7,7,1,615,0
8445,7,7,1,630,0
8446,7,7,1,645,0
8447,7,7,1,660,0
8448,7,7,1,675,0
8449,7,7,1,690,0
8450,7,7,1,705,0
8451,7,7,1,720,0
8452,7,7,1,735,0
8453,7,7,1,750,0
8454,7,7,1,765,0
8455,7,7,1,780,0
8456,7,7,1,795,0
8457,7,7,1,810,0
8458,7,7,1,825,0
8459,7,7,1,840,0
8460,7,7,1,855,0
8461,7,7,1,870,0
8462,7,7,1,885,0
8463,7,7,1,900,0
8464,7,7,1,915,0
8465,7,7,1,930,0
8466,7,7,1,945,0
8467,7,7,1,960,0
8468,7,7,1,975,0
8469,7,7,1,990,0
8470,7,7,1,1005,0
8471,7,7,1,1020,0
8472,7,7,1,1035,0
8473,7,7,1,1050,0
8474,7,7,2,0,0
8475,7,7,2,15,0
8476,7,7,2,30,0
8477,7,7,2,45,0
8478,7,7,2,60,0
8479,7,7,2,75,0
8480,7,7,2,90,0
8481,7,7,2,105,0
8482,7,7,2,120,0
8483,7,7,2,135,0
8484,7,7,2,150,0
8485,7,7,2,165,0
8486,7,7,2,180,0
8487,7,7,2,195,0
8488,7,7,2,210,0
8489,7,7,2,225,0
8490,7,7,2,240,0
8491,7,7,2,255,0
8492,7,7,2,270,0
8493,7,7,2,285,0
8494,7,7,2,300,0
8495,7,7,2,315,0
8496,7,7,2,330,0
8497,7,7,2,345,0
8498,7,7,2,360,0
8499,7,7,2,375,0
8500,7,7,2,390,0
8501,7,7,2,405,0
8502,7,7,2,420,0
8503,7,7,2,435,0
8504,7,7,2,450,0
8505,7,7,2,465,0
8506,7,7,2,480,0
8507,7,7,2,495,0
8508,7,7,2,510,0
8509,7,7,2,525,0
8510,7,7,2,540,0
8511,7,7,2,555,0
8512,7,7,2,570,0
8513,7,7,2,585,0
8514,7,7,2,600,0
8515,7,7,2,615,0
8516,7,7,2,630,0
8517,7,7,2,645,0
8518,7,7,2,660,0
8519,7,7,2,675,0
8520,7,7,2,690,0
8521,7,7,2,705,0
8522,7,7,2,720,0
8523,7,7,2,735,0
8524,7,7,2,750,0
8525,7,7,2,765,0
8526,7,7,2,780,0
8527,7,7,2,795,0
8528,7,7,2,810,0
8529,7,7,2,825,0
8530,7,7,2,840,0
8531,7,7,2,855,0
8532,7,7,2,870,0
8533,7,7,2,885,0
8534,7,7,2,900,0
8535,7,7,2,915,0
8536,7,7,2,930,0
8537,7,7,2,945,0
8538,7,7,2,960,0
8539,7,7,2,975,0
8540,7,7,2,990,0
8541,7,7,2,1005,0
8542,7,7,2,1020,0
8543,7,7,2,1035,0
8544,7,7,3,0,0
8545,7,7,3,15,0
8546,7,7,3,30,0
8547,7,7,3,45,0
8548,7,7,3,60,0
8549,7,7,3,75,0
8550,7,7,3,90,0
8551,7,7,3,105,0
8552,7,7,3,120,0
8553,7,7,3,135,0
8554,7,7,3,150,0
8555,7,7,3,165,0
8556,7,7,3,180,0
8557,7,7,3,195,0
8558,7,7,3,210,0
8559,7,7,3,225,0
8560,7,7,3,240,0
8561,7,7,3,255,0
8562,7,7,3,270,0
8563,7,7,3,285,0
8564,7,7,3,300,0
8565,7,7,3,315,0
8566,7,7,3,330,0
8567,7,7,3,345,0
8568,7,7,3,360,0
8569,7,7,3,375,0
8570,7,7,3,390,0
8571,7,7,3,405,0
8572,7,7,3,420,0
8573,7,7,3,435,0
8574,7,7,3,450,0
8575,7,7,3,465,0
8576,7,7,3,480,0
8577,7,7,3,495,0
8578,7,7,3,510,0
8579,7,7,3,525,0
8580,7,7,3,540,0
8581,7,7,3,555,0
8582,7,7,3,570,0
8583,7,7,3,585,0
8584,7,7,3,600,0
8585,7,7,3,615,0
8586,7,7,3,630,0
8587,7,7,3,645,0
8588,7,7,3,660,0
8589,7,7,3,675,0
8590,7,7,3,690,0
8591,7,7,3,705,0
8592,7,7,3,720,0
8593,7,7,3,735,0
8594,7,7,3,750,0
8595,7,7,3,765,0
8596,7,7,3,780,0
8597,7,7,3,795,0
8598,7,7,3,810,0
8599,7,7,3,825,0
8600,7,7,3,840,0
8601,7,7,3,855,0
8602,7,7,3,870,0
8603,7,7,3,885,0
8604,7,7,3,900,0
8605,7,7,3,915,0
8606,7,7,3,930,0
8607,7,7,3,945,0
8608,7,7,3,960,0
8609,7,7,3,975,0
8610,7,7,3,990,0
8611,7,7,3,1005,0
8612,7,7,3,1020,0
8613,7,7,3,1035,0
8614,7,7,3,1050,0
8615,7,7,3,1065,0
8616,7,8,1,0,0
8617,7,8,1,15,0
8618,7,8,1,30,0
8619,7,8,1,45,0
8620,7,8,1,60,0
8621,7,8,1,75,0
8622,7,8,1,90,0
8623,7,8,1,105,0
8624,7,8,1,120,0
8625,7,8,1,135,0
8626,7,8,1,150,0
8627,7,8,1,165,0
8628,7,8,1,180,0
8629,7,8,1,195,0
8630,7,8,1,210,0
8631,7,8,1,225,0
8632,7,8,1,240,0
8633,7,8,1,255,0
8634,7,8,1,270,0
8635,7,8,1,285,0
8636,7,8,1,300,0
8637,7,8,1,315,0
8638,7,8,1,330,0
8639,7,8,1,345,0
8640,7,8,1,360,0
8641,7,8,1,375,0
8642,7,8,1,390,0
8643,7,8,1,405,0
8644,7,8,1,420,0
8645,7,8,1,435,0
8646,7,8,1,450,0
8647,7,8,1,465,0
8648,7,8,1,480,0
8649,7,8,1,495,0
8650,7,8,1,510,0
8651,7,8,1,525,0
8652,7,8,1,540,0
8653,7,8,1,555,0
8654,7,8,1,570,0
8655,7,8,1,585,0
8656,7,8,1,600,0
8657,7,8,1,615,0
8658,7,8,1,630,0
8659,7,8,1,645,0
8660,7,8,1,660,0
8661,7,8,1,675,0
8662,7,8,1,690,0
8663,7,8,1,705,0
8664,7,8,1,720,0
8665,7,8,1,735,0
8666,7,8,1,750,0
8667,7,8,1,765,0
8668,7,8,1,780,0
8669,7,8,1,795,0
8670,7,8,1,810,0
8671,7,8,1,825,0
8672,7,8,1,840,0
8673,7,8,1,855,0
8674,7,8,1,870,0
8675,7,8,1,885,0
8676,7,8,1,900,0
8677,7,8,1,915,0
8678,7,8,1,930,0
8679,7,8,1,945,0
8680,7,8,1,960,0
8681,7,8,1,975,0
8682,7,8,1,990,0
8683,7,8,1,1005,0
8684,7,8,1,1020,0
8685,7,8,1,1035,0
8686,7,8,1,1050,0
8687,7,8,2,0,0
8688,7,8,2,15,0
8689,7,8,2,30,0
8690,7,8,2,45,0
8691,7,8,2,60,0
8692,7,8,2,75,0
8693,7,8,2,90,0
8694,7,8,2,105,0
8695,7,8,2,120,0
8696,7,8,2,135,0
8697,7,8,2,150,0
8698,7,8,2,165,0
8699,7,8,2,180,0
8700,7,8,2,195,0
8701,7,8,2,210,0
8702,7,8,2,225,0
8703,7,8,2,240,0
8704,7,8,2,255,0
8705,7,8,2,270,0
8706,7,8,2,285,0
8707,7,8,2,300,0
8708,7,8,2,315,0
8709,7,8,2,330,0
8710,7,8,2,345,0
8711,7,8,2,360,0
8712,7,8,2,375,0
8713,7,8,2,390,0
8714,7,8,2,405,0
8715,7,8,2,420,0
8716,7,8,2,435,0
8717,7,8,2,450,0
8718,7,8,2,465,0
8719,7,8,2,480,0
8720,7,8,2,495,0
8721,7,8,2,510,0
8722,7,8,2,525,0
8723,7,8,2,540,0
8724,7,8,2,555,0
8725,7,8,2,570,0
8726,7,8,2,585,0
8727,7,8,2,600,0
8728,7,8,2,615,0
8729,7,8,2,630,0
8730,7,8,2,645,0
8731,7,8,2,660,0
8732,7,8,2,675,0
8733,7,8,2,690,0
8734,7,8,2,705,0
8735,7,8,2,720,0
8736,7,8,2,735,0
8737,7,8,2,750,0
8738,7,8,2,765,0
8739,7,8,2,780,0
8740,7,8,2,795,0
8741,7,8,2,810,0
8742,7,8,2,825,0
8743,7,8,2,840,0
8744,7,8,2,855,0
8745,7,8,2,870,0
8746,7,8,2,885,0
8747,7,8,2,900,0
8748,7,8,2,915,0
8749,7,8,2,930,0
8750,7,8,2,945,0
8751,7,8,2,960,0
8752,7,8,2,975,0
8753,7,8,2,990,0
8754,7,8,2,1005,0
8755,7,8,2,1020,0
8756,7,8,3,0,0
8757,7,8,3,15,0
8758,7,8,3,30,0
8759,7,8,3,45,0
8760,7,8,3,60,0
8761,7,8,3,75,0
8762,7,8,3,90,0
8763,7,8,3,105,0
8764,7,8,3,120,0
8765,7,8,3,135,0
8766,7,8,3,150,0
8767,7,8,3,165,0
8768,7,8,3,180,0
8769,7,8,3,195,0
8770,7,8,3,210,0
8771,7,8,3,225,0
8772,7,8,3,240,0
8773,7,8,3,255,0
8774,7,8,3,270,0
8775,7,8,3,285,0
8776,7,8,3,300,0
8777,7,8,3,315,0
8778,7,8,3,330,0
8779,7,8,3,345,0
8780,7,8,3,360,0
8781,7,8,3,375,0
8782,7,8,3,390,0
8783,7,8,3,405,0
8784,7,8,3,420,0
8785,7,8,3,435,0
8786,7,8,3,450,0
8787,7,8,3,465,0
8788,7,8,3,480,0
8789,7,8,3,495,0
8790,7,8,3,510,0
8791,7,8,3,525,0
8792,7,8,3,540,0
8793,7,8,3,555,0
8794,7,8,3,570,0
8795,7,8,3,585,0
8796,7,8,3,600,0
8797,7,8,3,615,0
8798,7,8,3,630,0
8799,7,8,3,645,0
8800,7,8,3,660,0
8801,7,8,3,675,0
8802,7,8,3,690,0
8803,7,8,3,705,0
8804,7,8,3,720,0
8805,7,8,3,735,0
8806,7,8,3,750,0
8807,7,8,3,765,0
8808,7,8,3,780,0
8809,7,8,3,795,0
8810,7,8,3,810,0
8811,7,8,3,825,0
8812,7,8,3,840,0
8813,7,8,3,855,0
8814,7,8,3,870,0
8815,7,8,3,885,0
8816,7,8,3,900,0
8817,7,8,3,915,0
8818,7,8,3,930,0
8819,7,8,3,945,0
8820,7,8,3,960,0
8821,7,8,3,975,0
8822,7,8,3,990,0
8823,7,8,3,1005,0
8824,7,8,3,1020,0
8825,7,9,1,0,0
8826,7,9,1,15,0
8827,7,9,1,30,0
8828,7,9,1,45,0
8829,7,9,1,60,0
8830,7,9,1,75,0
8831,7,9,1,90,0
8832,7,9,1,105,0
8833,7,9,1,120,0
8834,7,9,1,135,0
8835,7,9,1,150,0
8836,7,9,2,0,0
8837,7,9,2,15,0
8838,7,9,2,30,0
8839,7,9,2,45,0
8840,7,9,2,60,0
8841,7,9,2,75,0
8842,7,9,2,90,0
8843,7,9,2,105,0
8844,7,9,2,120,0
8845,7,9,2,135,0
8846,7,9,2,150,0
8847,7,9,3,0,0
8848,7,9,3,15,0
8849,7,9,3,30,0
8850,7,9,3,45,0
8851,7,9,3,60,0
8852,7,9,3,75,0
8853,7,9,3,90,0
8854,7,9,3,105,0
8855,7,9,3,120,0
8856,7,9,3,135,0
8857,7,9,3,150,0
8858,8,1,1,0,1
8859,8,1,1,15,1
8860,8,1,1,30,1
8861,8,1,1,45,1
8862,8,1,1,60,1
8863,8,1,1,75,1
8864,8,1,1,90,1
8865,8,1,1,105,1
8866,8,1,1,120,1
8867,8,1,1,135,1
8868,8,1,1,150,1
8869,8,1,2,0,1
8870,8,1,2,15,1
8871,8,1,2,30,1
8872,8,1,2,45,1
8873,8,1,2,60,1
8874,8,1,2,75,1
8875,8,1,2,90,1
8876,8,1,2,105,1
8877,8,1,2,120,1
8878,8,1,2,135,1
8879,8,1,2,150,1
8880,8,1,3,0,1
8881,8,1,3,15,1
8882,8,1,3,30,1
8883,8,1,3,45,1
8884,8,1,3,60,1
8885,8,1,3,75,1
8886,8,1,3,90,1
8887,8,1,3,105,1
8888,8,1,3,120,1
8889,8,1,3,135,1
8890,8,1,3,150,1
8891,8,10,1,0,0
8892,8,10,1,15,0
8893,8,10,1,30,0
8894,8,10,1,45,0
8895,8,10,1,60,0
8896,8,10,1,75,0
8897,8,10,1,90,0
8898,8,10,1,105,0
8899,8,10,1,120,0
8900,8,10,1,135,0
8901,8,10,1,150,0
8902,8,10,1,165,0
8903,8,10,1,180,0
8904,8,10,1,195,0
8905,8,10,1,210,0
8906,8,10,1,225,0
8907,8,10,1,240,0
8908,8,10,1,255,0
8909,8,10,1,270,0
8910,8,10,1,285,0
8911,8,10,1,300,0
8912,8,10,1,315,0
8913,8,10,1,330,0
8914,8,10,1,345,0
8915,8,10,1,360,0
8916,8,10,1,375,0
8917,8,10,1,390,0
8918,8,10,1,405,0
8919,8,10,1,420,0
8920,8,10,1,435,0
8921,8,10,1,450,0
8922,8,10,1,465,0
8923,8,10,1,480,0
8924,8,10,1,495,0
8925,8,10,1,510,0
8926,8,10,2,0,0
8927,8,10,2,15,0
8928,8,10,2,30,0
8929,8,10,2,45,0
8930,8,10,2,60,0
8931,8,10,2,75,0
8932,8,10,2,90,0
8933,8,10,2,105,0
8934,8,10,2,120,0
8935,8,10,2,135,0
8936,8,10,2,150,0
8937,8,10,2,165,0
8938,8,10,2,180,0
8939,8,10,2,195,0
8940,8,10,2,210,0
8941,8,10,2,225,0
8942,8,10,2,240,0
8943,8,10,2,255,0
8944,8,10,2,270,0
8945,8,10,2,285,0
8946,8,10,2,300,0
8947,8,10,2,315,0
8948,8,10,2,330,0
8949,8,10,2,345,0
8950,8,10,2,360,0
8951,8,10,2,375,0
8952,8,10,2,390,0
8953,8,10,2,405,0
8954,8,10,2,420,0
8955,8,10,2,435,0
8956,8,10,2,450,0
8957,8,10,2,465,0
8958,8,10,2,480,0
8959,8,10,2,495,0
8960,8,10,2,510,0
8961,8,10,3,0,0
8962,8,10,3,15,0
8963,8,10,3,30,0
8964,8,10,3,45,0
8965,8,10,3,60,0
8966,8,10,3,75,0
8967,8,10,3,90,0
8968,8,10,3,105,0
8969,8,10,3,120,0
8970,8,10,3,135,0
8971,8,10,3,150,0
8972,8,10,3,165,0
8973,8,10,3,180,0
8974,8,10,3,195,0
8975,8,10,3,210,0
8976,8,10,3,225,0
8977,8,10,3,240,0
8978,8,10,3,255,0
8979,8,10,3,270,0
8980,8,10,3,285,0
8981,8,10,3,300,0
8982,8,10,3,315,0
8983,8,10,3,330,0
8984,8,10,3,345,0
8985,8,10,3,360,0
8986,8,10,3,375,0
8987,8,10,3,390,0
8988,8,10,3,405,0
8989,8,10,3,420,0
8990,8,10,3,435,0
8991,8,10,3,450,0
8992,8,10,3,465,0
8993,8,10,3,480,0
8994,8,10,3,495,0
8995,8,10,3,510,0
8996,8,11,1,0,0
8997,8,11,1,15,0
8998,8,11,1,30,0
8999,8,11,1,45,0
9000,8,11,1,60,0
9001,8,11,1,75,0
9002,8,11,1,90,0
9003,8,11,1,105,0
9004,8,11,1,120,0
9005,8,11,1,135,0
9006,8,11,1,150,0
9007,8,11,1,165,0
9008,8,11,1,180,0
9009,8,11,1,195,0
9010,8,11,1,210,0
9011,8,11,1,225,0
9012,8,11,1,240,0
9013,8,11,1,255,0
9014,8,11,1,270,0
9015,8,11,1,285,0
9016,8,11,1,300,0
9017,8,11,1,315,0
9018,8,11,1,330,0
9019,8,11,1,345,0
9020,8,11,1,360,0
9021,8,11,1,375,0
9022,8,11,1,390,0
9023,8,11,1,405,0
9024,8,11,1,420,0
9025,8,11,1,435,0
9026,8,11,1,450,0
9027,8,11,1,465,0
9028,8,11,1,480,0
9029,8,11,1,495,0
9030,8,11,1,510,0
9031,8,11,1,525,0
9032,8,11,1,540,0
9033,8,11,1,555,0
9034,8,11,1,570,0
9035,8,11,1,585,0
9036,8,11,1,600,0
9037,8,11,1,615,0
9038,8,11,1,630,0
9039,8,11,1,645,0
9040,8,11,1,660,0
9041,8,11,1,675,0
9042,8,11,1,690,0
9043,8,11,1,705,0
9044,8,11,1,720,0
9045,8,11,1,735,0
9046,8,11,1,750,0
9047,8,11,1,765,0
9048,8,11,1,780,0
9049,8,11,1,795,0
9050,8,11,1,810,0
9051,8,11,1,825,0
9052,8,11,1,840,0
9053,8,11,1,855,0
9054,8,11,1,870,0
9055,8,11,1,885,0
9056,8,11,1,900,0
9057,8,11,1,915,0
9058,8,11,1,930,0
9059,8,11,1,945,0
9060,8,11,1,960,0
9061,8,11,1,975,0
9062,8,11,1,990,0
9063,8,11,1,1005,0
9064,8,11,1,1020,0
9065,8,11,1,1035,0
9066,8,2,1,0,1
9067,8,2,1,15,1
9068,8,2,1,30,1
9069,8,2,1,45,1
9070,8,2,1,60,1
9071,8,2,1,75,1
9072,8,2,1,90,1
9073,8,2,1,105,1
9074,8,2,1,120,1
9075,8,2,1,135,1
9076,8,2,1,150,1
9077,8,2,2,0,1
9078,8,2,2,15,1
9079,8,2,2,30,1
9080,8,2,2,45,1
9081,8,2,2,60,1
9082,8,2,2,75,1
9083,8,2,2,90,1
9084,8,2,2,105,1
9085,8,2,2,120,1
9086,8,2,2,135,1
9087,8,2,2,150,1
9088,8,2,3,0,1
9089,8,2,3,15,1
9090,8,2,3,30,1
9091,8,2,3,45,1
9092,8,2,3,60,1
9093,8,2,3,75,1
9094,8,2,3,90,1
9095,8,2,3,105,1
9096,8,2,3,120,1
9097,8,2,3,135,1
9098,8,2,3,150,1
9099,8,3,1,0,1
9100,8,3,1,15,1
9101,8,3,1,30,1
9102,8,3,1,45,1
9103,8,3,1,60,1
9104,8,3,1,75,1
9105,8,3,1,90,1
9106,8,3,1,105,1
9107,8,3,1,120,1
9108,8,3,1,135,1
9109,8,3,1,150,1
9110,8,3,2,0,1
9111,8,3,2,15,1
9112,8,3,2,30,1
9113,8,3,2,45,1
9114,8,3,2,60,1
9115,8,3,2,75,1
9116,8,3,2,90,1
9117,8,3,2,105,1
9118,8,3,2,120,1
9119,8,3,2,135,1
9120,8,3,3,0,1
9121,8,3,3,15,1
9122,8,3,3,30,1
9123,8,3,3,45,1
9124,8,3,3,60,1
9125,8,3,3,75,1
9126,8,3,3,90,1
9127,8,3,3,105,1
9128,8,3,3,120,1
9129,8,3,3,135,1
9130,8,4,1,0,1
9131,8,4,1,15,1
9132,8,4,1,30,1
9133,8,4,1,45,1
9134,8,4,1,60,1
9135,8,4,1,75,1
9136,8,4,1,90,1
9137,8,4,1,105,1
9138,8,4,1,120,1
9139,8,4,1,135,1
9140,8,4,1,150,1
9141,8,4,2,0,1
9142,8,4,2,15,1
9143,8,4,2,30,1
9144,8,4,2,45,1
9145,8,4,2,60,1
9146,8,4,2,75,1
9147,8,4,2,90,1
9148,8,4,2,105,1
9149,8,4,2,120,1
9150,8,4,2,135,1
9151,8,4,3,0,1
9152,8,4,3,15,1
9153,8,4,3,30,1
9154,8,4,3,45,1
9155,8,4,3,60,1
9156,8,4,3,75,1
9157,8,4,3,90,1
9158,8,4,3,105,1
9159,8,4,3,120,1
9160,8,4,3,135,1
9161,8,4,3,150,1
9162,8,5,1,0,1
9163,8,5,1,15,1
9164,8,5,1,30,1
9165,8,5,1,45,1
9166,8,5,1,60,1
9167,8,5,1,75,1
9168,8,5,1,90,1
9169,8,5,1,105,1
9170,8,5,1,120,1
9171,8,5,1,135,1
9172,8,5,1,150,1
9173,8,5,2,0,1
9174,8,5,2,15,1
9175,8,5,2,30,1
9176,8,5,2,45,1
9177,8,5,2,60,1
9178,8,5,2,75,1
9179,8,5,2,90,1
9180,8,5,2,105,1
9181,8,5,2,120,1
9182,8,5,2,135,1
9183,8,5,3,0,1
9184,8,5,3,15,1
9185,8,5,3,30,1
9186,8,5,3,45,1
9187,8,5,3,60,1
9188,8,5,3,75,1
9189,8,5,3,90,1
9190,8,5,3,105,1
9191,8,5,3,120,1
9192,8,5,3,135,1
9193,8,5,3,150,1
9194,8,6,1,0,0
9195,8,6,1,15,0
9196,8,6,1,30,0
9197,8,6,1,45,0
9198,8,6,1,60,0
9199,8,6,1,75,0
9200,8,6,1,90,0
9201,8,6,1,105,0
9202,8,6,1,120,0
9203,8,6,1,135,0
9204,8,6,1,150,0
9205,8,6,1,165,0
9206,8,6,1,180,0
9207,8,6,1,195,0
9208,8,6,1,210,0
9209,8,6,1,225,0
9210,8,6,1,240,0
9211,8,6,1,255,0
9212,8,6,1,270,0
9213,8,6,1,285,0
9214,8,6,1,300,0
9215,8,6,1,315,0
9216,8,6,1,330,0
9217,8,6,1,345,0
9218,8,6,1,360,0
9219,8,6,1,375,0
9220,8,6,1,390,0
9221,8,6,1,405,0
9222,8,6,1,420,0
9223,8,6,1,435,0
9224,8,6,1,450,0
9225,8,6,1,465,0
9226,8,6,1,480,0
9227,8,6,1,495,0
9228,8,6,1,510,0
9229,8,6,1,525,0
9230,8,6,1,540,0
9231,8,6,1,555,0
9232,8,6,1,570,0
9233,8,6,1,585,0
9234,8,6,1,600,0
9235,8,6,1,615,0
9236,8,6,1,630,0
9237,8,6,1,645,0
9238,8,6,1,660,0
9239,8,6,1,675,0
9240,8,6,1,690,0
9241,8,6,1,705,0
9242,8,6,1,720,0
9243,8,6,1,735,0
9244,8,6,1,750,0
9245,8,6,1,765,0
9246,8,6,1,780,0
9247,8,6,1,795,0
9248,8,6,1,810,0
9249,8,6,1,825,0
9250,8,6,1,840,0
9251,8,6,1,855,0
9252,8,6,1,870,0
9253,8,6,1,885,0
9254,8,6,1,900,0
9255,8,6,1,915,0
9256,8,6,1,930,0
9257,8,6,1,945,0
9258,8,6,1,960,0
9259,8,6,1,975,0
9260,8,6,1,990,0
9261,8,6,1,1005,0
9262,8,6,2,0,0
9263,8,6,2,15,0
9264,8,6,2,30,0
9265,8,6,2,45,0
9266,8,6,2,60,0
9267,8,6,2,75,0
9268,8,6,2,90,0
9269,8,6,2,105,0
9270,8,6,2,120,0
9271,8,6,2,135,0
9272,8,6,2,150,0
9273,8,6,2,165,0
9274,8,6,2,180,0
9275,8,6,2,195,0
9276,8,6,2,210,0
9277,8,6,2,225,0
9278,8,6,2,240,0
9279,8,6,2,255,0
9280,8,6,2,270,0
9281,8,6,2,285,0
9282,8,6,2,300,0
9283,8,6,2,315,0
9284,8,6,2,330,0
9285,8,6,2,345,0
9286,8,6,2,360,0
9287,8,6,2,375,0
9288,8,6,2,390,0
9289,8,6,2,405,0
9290,8,6,2,420,0
9291,8,6,2,435,0
9292,8,6,2,450,0
9293,8,6,2,465,0
9294,8,6,2,480,0
9295,8,6,2,495,0
9296,8,6,2,510,0
9297,8,6,2,525,0
9298,8,6,2,540,0
9299,8,6,2,555,0
9300,8,6,2,570,0
9301,8,6,2,585,0
9302,8,6,2,600,0
9303,8,6,2,615,0
9304,8,6,2,630,0
9305,8,6,2,645,0
9306,8,6,2,660,0
9307,8,6,2,675,0
9308,8,6,2,690,0
9309,8,6,2,705,0
9310,8,6,2,720,0
9311,8,6,2,735,0
9312,8,6,2,750,0
9313,8,6,2,765,0
9314,8,6,2,780,0
9315,8,6,2,795,0
9316,8,6,2,810,0
9317,8,6,2,825,0
9318,8,6,2,840,0
9319,8,6,2,855,0
9320,8,6,2,870,0
9321,8,6,2,885,0
9322,8,6,2,900,0
9323,8,6,2,915,0
9324,8,6,2,930,0
9325,8,6,2,945,0
9326,8,6,2,960,0
9327,8,6,2,975,0
9328,8,6,2,990,0
9329,8,6,2,1005,0
9330,8,6,2,1020,0
9331,8,6,3,0,0
9332,8,6,3,15,0
9333,8,6,3,30,0
9334,8,6,3,45,0
9335,8,6,3,60,0
9336,8,6,3,75,0
9337,8,6,3,90,0
9338,8,6,3,105,0
9339,8,6,3,120,0
9340,8,6,3,135,0
9341,8,6,3,150,0
9342,8,6,3,165,0
9343,8,6,3,180,0
9344,8,6,3,195,0
9345,8,6,3,210,0
9346,8,6,3,225,0
9347,8,6,3,240,0
9348,8,6,3,255,0
9349,8,6,3,270,0
9350,8,6,3,285,0
9351,8,6,3,300,0
9352,8,6,3,315,0
9353,8,6,3,330,0
9354,8,6,3,345,0
9355,8,6,3,360,0
9356,8,6,3,375,0
9357,8,6,3,390,0
9358,8,6,3,405,0
9359,8,6,3,420,0
9360,8,6,3,435,0
9361,8,6,3,450,0
9362,8,6,3,465,0
9363,8,6,3,480,0
9364,8,6,3,495,0
9365,8,6,3,510,0
9366,8,6,3,525,0
9367,8,6,3,540,0
9368,8,6,3,555,0
9369,8,6,3,570,0
9370,8,6,3,585,0
9371,8,6,3,600,0
9372,8,6,3,615,0
9373,8,6,3,630,0
9374,8,6,3,645,0
9375,8,6,3,660,0
9376,8,6,3,675,0
9377,8,6,3,690,0
9378,8,6,3,705,0
9379,8,6,3,720,0
9380,8,6,3,735,0
9381,8,6,3,750,0
9382,8,6,3,765,0
9383,8,6,3,780,0
9384,8,6,3,795,0
9385,8,6,3,810,0
9386,8,6,3,825,0
9387,8,6,3,840,0
9388,8,6,3,855,0
9389,8,6,3,870,0
9390,8,6,3,885,0
9391,8,6,3,900,0
9392,8,6,3,915,0
9393,8,6,3,930,0
9394,8,6,3,945,0
9395,8,6,3,960,0
9396,8,6,3,975,0
9397,8,6,3,990,0
9398,8,6,3,1005,0
9399,8,7,1,0,0
9400,8,7,1,15,0
9401,8,7,1,30,0
9402,8,7,1,45,0
9403,8,7,1,60,0
9404,8,7,1,75,0
9405,8,7,1,90,0
9406,8,7,1,105,0
9407,8,7,1,120,0
9408,8,7,1,135,0
9409,8,7,1,150,0
9410,8,7,1,165,0
9411,8,7,1,180,0
9412,8,7,1,195,0
9413,8,7,1,210,0
9414,8,7,1,225,0
9415,8,7,1,240,0
9416,8,7,1,255,0
9417,8,7,1,270,0
9418,8,7,1,285,0
9419,8,7,1,300,0
9420,8,7,1,315,0
9421,8,7,1,330,0
9422,8,7,1,345,0
9423,8,7,1,360,0
9424,8,7,1,375,0
9425,8,7,1,390,0
9426,8,7,1,405,0
9427,8,7,1,420,0
9428,8,7,1,435,0
9429,8,7,1,450,0
9430,8,7,1,465,0
9431,8,7,1,480,0
9432,8,7,1,495,0
9433,8,7,1,510,0
9434,8,7,1,525,0
9435,8,7,1,540,0
9436,8,7,1,555,0
9437,8,7,1,570,0
9438,8,7,1,585,0
9439,8,7,1,600,0
9440,8,7,1,615,0
9441,8,7,1,630,0
9442,8,7,1,645,0
9443,8,7,1,660,0
9444,8,7,1,675,0
9445,8,7,1,690,0
9446,8,7,1,705,0
9447,8,7,1,720,0
9448,8,7,1,735,0
9449,8,7,1,750,0
9450,8,7,1,765,0
9451,8,7,1,780,0
9452,8,7,1,795,0
9453,8,7,1,810,0
9454,8,7,1,825,0
9455,8,7,1,840,0
9456,8,7,1,855,0
9457,8,7,1,870,0
9458,8,7,1,885,0
9459,8,7,1,900,0
9460,8,7,1,915,0
9461,8,7,1,930,0
9462,8,7,1,945,0
9463,8,7,1,960,0
9464,8,7,1,975,0
9465,8,7,1,990,0
9466,8,7,1,1005,0
9467,8,7,1,1020,0
9468,8,7,1,1035,0
9469,8,7,2,0,0
9470,8,7,2,15,0
9471,8,7,2,30,0
9472,8,7,2,45,0
9473,8,7,2,60,0
9474,8,7,2,75,0
9475,8,7,2,90,0
9476,8,7,2,105,0
9477,8,7,2,120,0
9478,8,7,2,135,0
9479,8,7,2,150,0
9480,8,7,2,165,0
9481,8,7,2,180,0
9482,8,7,2,195,0
9483,8,7,2,210,0
9484,8,7,2,225,0
9485,8,7,2,240,0
9486,8,7,2,255,0
9487,8,7,2,270,0
9488,8,7,2,285,0
9489,8,7,2,300,0
9490,8,7,2,315,0
9491,8,7,2,330,0
9492,8,7,2,345,0
9493,8,7,2,360,0
9494,8,7,2,375,0
9495,8,7,2,390,0
9496,8,7,2,405,0
9497,8,7,2,420,0
9498,8,7,2,435,0
9499,8,7,2,450,0
9500,8,7,2,465,0
9501,8,7,2,480,0
9502,8,7,2,495,0
9503,8,7,2,510,0
9504,8,7,2,525,0
9505,8,7,2,540,0
9506,8,7,2,555,0
9507,8,7,2,570,0
9508,8,7,2,585,0
9509,8,7,2,600,0
9510,8,7,2,615,0
9511,8,7,2,630,0
9512,8,7,2,645,0
9513,8,7,2,660,0
9514,8,7,2,675,0
9515,8,7,2,690,0
9516,8,7,2,705,0
9517,8,7,2,720,0
9518,8,7,2,735,0
9519,8,7,2,750,0
9520,8,7,2,765,0
9521,8,7,2,780,0
9522,8,7,2,795,0
9523,8,7,2,810,0
9524,8,7,2,825,0
9525,8,7,2,840,0
9526,8,7,2,855,0
9527,8,7,2,870,0
9528,8,7,2,885,0
9529,8,7,2,900,0
9530,8,7,2,915,0
9531,8,7,2,930,0
9532,8,7,2,945,0
9533,8,7,2,960,0
9534,8,7,2,975,0
9535,8,7,2,990,0
9536,8,7,2,1005,0
9537,8,7,2,1020,0
9538,8,7,2,1035,0
9539,8,7,2,1050,0
9540,8,7,3,0,0
9541,8,7,3,15,0
9542,8,7,3,30,0
9543,8,7,3,45,0
9544,8,7,3,60,0
9545,8,7,3,75,0
9546,8,7,3,90,0
9547,8,7,3,105,0
9548,8,7,3,120,0
9549,8,7,3,135,0
9550,8,7,3,150,0
9551,8,7,3,165,0
9552,8,7,3,180,0
9553,8,7,3,195,0
9554,8,7,3,210,0
9555,8,7,3,225,0
9556,8,7,3,240,0
9557,8,7,3,255,0
9558,8,7,3,270,0
9559,8,7,3,285,0
9560,8,7,3,300,0
9561,8,7,3,315,0
9562,8,7,3,330,0
9563,8,7,3,345,0
9564,8,7,3,360,0
9565,8,7,3,375,0
9566,8,7,3,390,0
9567,8,7,3,405,0
9568,8,7,3,420,0
9569,8,7,3,435,0
9570,8,7,3,450,0
9571,8,7,3,465,0
9572,8,7,3,480,0
9573,8,7,3,495,0
9574,8,7,3,510,0
9575,8,7,3,525,0
9576,8,7,3,540,0
9577,8,7,3,555,0
9578,8,7,3,570,0
9579,8,7,3,585,0
9580,8,7,3,600,0
9581,8,7,3,615,0
9582,8,7,3,630,0
9583,8,7,3,645,0
9584,8,7,3,660,0
9585,8,7,3,675,0
9586,8,7,3,690,0
9587,8,7,3,705,0
9588,8,7,3,720,0
9589,8,7,3,735,0
9590,8,7,3,750,0
9591,8,7,3,765,0
9592,8,7,3,780,0
9593,8,7,3,795,0
9594,8,7,3,810,0
9595,8,7,3,825,0
9596,8,7,3,840,0
9597,8,7,3,855,0
9598,8,7,3,870,0
9599,8,7,3,885,0
9600,8,7,3,900,0
9601,8,7,3,915,0
9602,8,7,3,930,0
9603,8,7,3,945,0
9604,8,7,3,960,0
9605,8,7,3,975,0
9606,8,7,3,990,0
9607,8,7,3,1005,0
9608,8,7,3,1020,0
9609,8,7,3,1035,0
9610,8,8,1,0,0
9611,8,8,1,15,0
9612,8,8,1,30,0
9613,8,8,1,45,0
9614,8,8,1,60,0
9615,8,8,1,75,0
9616,8,8,1,90,0
9617,8,8,1,105,0
9618,8,8,1,120,0
9619,8,8,1,135,0
9620,8,8,1,150,0
9621,8,8,1,165,0
9622,8,8,1,180,0
9623,8,8,1,195,0
9624,8,8,1,210,0
9625,8,8,1,225,0
9626,8,8,1,240,0
9627,8,8,1,255,0
9628,8,8,1,270,0
9629,8,8,1,285,0
9630,8,8,1,300,0
9631,8,8,1,315,0
9632,8,8,1,330,0
9633,8,8,1,345,0
9634,8,8,1,360,0
9635,8,8,1,375,0
9636,8,8,1,390,0
9637,8,8,1,405,0
9638,8,8,1,420,0
9639,8,8,1,435,0
9640,8,8,1,450,0
9641,8,8,1,465,0
9642,8,8,1,480,0
9643,8,8,1,495,0
9644,8,8,1,510,0
9645,8,8,1,525,0
9646,8,8,1,540,0
9647,8,8,1,555,0
9648,8,8,1,570,0
9649,8,8,1,585,0
9650,8,8,1,600,0
9651,8,8,1,615,0
9652,8,8,1,630,0
9653,8,8,1,645,0
9654,8,8,1,660,0
9655,8,8,1,675,0
9656,8,8,1,690,0
9657,8,8,1,705,0
9658,8,8,1,720,0
9659,8,8,1,735,0
9660,8,8,1,750,0
9661,8,8,1,765,0
9662,8,8,1,780,0
9663,8,8,1,795,0
9664,8,8,1,810,0
9665,8,8,1,825,0
9666,8,8,1,840,0
9667,8,8,1,855,0
9668,8,8,1,870,0
9669,8,8,1,885,0
9670,8,8,1,900,0
9671,8,8,1,915,0
9672,8,8,1,930,0
9673,8,8,1,945,0
9674,8,8,1,960,0
9675,8,8,1,975,0
9676,8,8,1,990,0
9677,8,8,1,1005,0
9678,8,8,1,1020,0
9679,8,8,1,1035,0
9680,8,8,2,0,0
9681,8,8,2,15,0
9682,8,8,2,30,0
9683,8,8,2,45,0
9684,8,8,2,60,0
9685,8,8,2,75,0
9686,8,8,2,90,0
9687,8,8,2,105,0
9688,8,8,2,120,0
9689,8,8,2,135,0
9690,8,8,2,150,0
9691,8,8,2,165,0
9692,8,8,2,180,0
9693,8,8,2,195,0
9694,8,8,2,210,0
9695,8,8,2,225,0
9696,8,8,2,240,0
9697,8,8,2,255,0
9698,8,8,2,270,0
9699,8,8,2,285,0
9700,8,8,2,300,0
9701,8,8,2,315,0
9702,8,8,2,330,0
9703,8,8,2,345,0
9704,8,8,2,360,0
9705,8,8,2,375,0
9706,8,8,2,390,0
9707,8,8,2,405,0
9708,8,8,2,420,0
9709,8,8,2,435,0
9710,8,8,2,450,0
9711,8,8,2,465,0
9712,8,8,2,480,0
9713,8,8,2,495,0
9714,8,8,2,510,0
9715,8,8,2,525,0
9716,8,8,2,540,0
9717,8,8,2,555,0
9718,8,8,2,570,0
9719,8,8,2,585,0
9720,8,8,2,600,0
9721,8,8,2,615,0
9722,8,8,2,630,0
9723,8,8,2,645,0
9724,8,8,2,660,0
9725,8,8,2,675,0
9726,8,8,2,690,0
9727,8,8,2,705,0
9728,8,8,2,720,0
9729,8,8,2,735,0
9730,8,8,2,750,0
9731,8,8,2,765,0
9732,8,8,2,780,0
9733,8,8,2,795,0
9734,8,8,2,810,0
9735,8,8,2,825,0
9736,8,8,2,840,0
9737,8,8,2,855,0
9738,8,8,2,870,0
9739,8,8,2,885,0
9740,8,8,2,900,0
9741,8,8,2,915,0
9742,8,8,2,930,0
9743,8,8,2,945,0
9744,8,8,2,960,0
9745,8,8,2,975,0
9746,8,8,2,990,0
9747,8,8,2,1005,0
9748,8,8,2,1020,0
9749,8,8,2,1035,0
9750,8,8,3,0,0
9751,8,8,3,15,0
9752,8,8,3,30,0
9753,8,8,3,45,0
9754,8,8,3,60,0
9755,8,8,3,75,0
9756,8,8,3,90,0
9757,8,8,3,105,0
9758,8,8,3,120,0
9759,8,8,3,135,0
9760,8,8,3,150,0
9761,8,8,3,165,0
9762,8,8,3,180,0
9763,8,8,3,195,0
9764,8,8,3,210,0
9765,8,8,3,225,0
9766,8,8,3,240,0
9767,8,8,3,255,0
9768,8,8,3,270,0
9769,8,8,3,285,0
9770,8,8,3,300,0
9771,8,8,3,315,0
9772,8,8,3,330,0
9773,8,8,3,345,0
9774,8,8,3,360,0
9775,8,8,3,375,0
9776,8,8,3,390,0
9777,8,8,3,405,0
9778,8,8,3,420,0
9779,8,8,3,435,0
9780,8,8,3,450,0
9781,8,8,3,465,0
9782,8,8,3,480,0
9783,8,8,3,495,0
9784,8,8,3,510,0
9785,8,8,3,525,0
9786,8,8,3,540,0
9787,8,8,3,555,0
9788,8,8,3,570,0
9789,8,8,3,585,0
9790,8,8,3,600,0
9791,8,8,3,615,0
9792,8,8,3,630,0
9793,8,8,3,645,0
9794,8,8,3,660,0
9795,8,8,3,675,0
9796,8,8,3,690,0
9797,8,8,3,705,0
9798,8,8,3,720,0
9799,8,8,3,735,0
9800,8,8,3,750,0
9801,8,8,3,765,0
9802,8,8,3,780,0
9803,8,8,3,795,0
9804,8,8,3,810,0
9805,8,8,3,825,0
9806,8,8,3,840,0
9807,8,8,3,855,0
9808,8,8,3,870,0
9809,8,8,3,885,0
9810,8,8,3,900,0
9811,8,8,3,915,0
9812,8,8,3,930,0
9813,8,8,3,945,0
9814,8,8,3,960,0
9815,8,8,3,975,0
9816,8,8,3,990,0
9817,8,8,3,1005,0
9818,8,8,3,1020,0
9819,8,8,3,1035,0
9820,8,8,3,1050,0
9821,8,9,1,0,0
9822,8,9,1,15,0
9823,8,9,1,30,0
9824,8,9,1,45,0
9825,8,9,1,60,0
9826,8,9,1,75,0
9827,8,9,1,90,0
9828,8,9,1,105,0
9829,8,9,1,120,0
9830,8,9,1,135,0
9831,8,9,2,0,0
9832,8,9,2,15,0
9833,8,9,2,30,0
9834,8,9,2,45,0
9835,8,9,2,60,0
9836,8,9,2,75,0
9837,8,9,2,90,0
9838,8,9,2,105,0
9839,8,9,2,120,0
9840,8,9,2,135,0
9841,8,9,2,150,0
9842,8,9,3,0,0
9843,8,9,3,15,0
9844,8,9,3,30,0
9845,8,9,3,45,0
9846,8,9,3,60,0
9847,8,9,3,75,0
9848,8,9,3,90,0
9849,8,9,3,105,0
9850,8,9,3,120,0
9851,8,9,3,135,0
9852,8,9,3,150,0
9853,9,1,1,0,1
9854,9,1,1,15,1
9855,9,1,1,30,1
9856,9,1,1,45,1
9857,9,1,1,60,1
9858,9,1,1,75,1
9859,9,1,1,90,1
9860,9,1,1,105,1
9861,9,1,1,120,1
9862,9,1,1,135,1
9863,9,1,1,150,1
9864,9,1,2,0,1
9865,9,1,2,15,1
9866,9,1,2,30,1
9867,9,1,2,45,1
9868,9,1,2,60,1
9869,9,1,2,75,1
9870,9,1,2,90,1
9871,9,1,2,105,1
9872,9,1,2,120,1
9873,9,1,2,135,1
9874,9,1,2,150,1
9875,9,1,3,0,1
9876,9,1,3,15,1
9877,9,1,3,30,1
9878,9,1,3,45,1
9879,9,1,3,60,1
9880,9,1,3,75,1
9881,9,1,3,90,1
9882,9,1,3,105,1
9883,9,1,3,120,1
9884,9,1,3,135,1
9885,9,10,1,0,0
9886,9,10,1,15,0
9887,9,10,1,30,0
9888,9,10,1,45,0
9889,9,10,1,60,0
9890,9,10,1,75,0
9891,9,10,1,90,0
9892,9,10,1,105,0
9893,9,10,1,120,0
9894,9,10,1,135,0
9895,9,10,1,150,0
9896,9,10,1,165,0
9897,9,10,1,180,0
9898,9,10,1,195,0
9899,9,10,1,210,0
9900,9,10,1,225,0
9901,9,10,1,240,0
9902,9,10,1,255,0
9903,9,10,1,270,0
9904,9,10,1,285,0
9905,9,10,1,300,0
9906,9,10,1,315,0
9907,9,10,1,330,0
9908,9,10,1,345,0
9909,9,10,1,360,0
9910,9,10,1,375,0
9911,9,10,1,390,0
9912,9,10,1,405,0
9913,9,10,1,420,0
9914,9,10,1,435,0
9915,9,10,1,450,0
9916,9,10,1,465,0
9917,9,10,1,480,0
9918,9,10,1,495,0
9919,9,10,1,510,0
9920,9,10,1,525,0
9921,9,10,2,0,0
9922,9,10,2,15,0
9923,9,10,2,30,0
9924,9,10,2,45,0
9925,9,10,2,60,0
9926,9,10,2,75,0
9927,9,10,2,90,0
9928,9,10,2,105,0
9929,9,10,2,120,0
9930,9,10,2,135,0
9931,9,10,2,150,0
9932,9,10,2,165,0
9933,9,10,2,180,0
9934,9,10,2,195,0
9935,9,10,2,210,0
9936,9,10,2,225,0
9937,9,10,2,240,0
9938,9,10,2,255,0
9939,9,10,2,270,0
9940,9,10,2,285,0
9941,9,10,2,300,0
9942,9,10,2,315,0
9943,9,10,2,330,0
9944,9,10,2,345,0
9945,9,10,2,360,0
9946,9,10,2,375,0
9947,9,10,2,390,0
9948,9,10,2,405,0
9949,9,10,2,420,0
9950,9,10,2,435,0
9951,9,10,2,450,0
9952,9,10,2,465,0
9953,9,10,2,480,0
9954,9,10,2,495,0
9955,9,10,3,0,0
9956,9,10,3,15,0
9957,9,10,3,30,0
9958,9,10,3,45,0
9959,9,10,3,60,0
9960,9,10,3,75,0
9961,9,10,3,90,0
9962,9,10,3,105,0
9963,9,10,3,120,0
9964,9,10,3,135,0
9965,9,10,3,150,0
9966,9,10,3,165,0
9967,9,10,3,180,0
9968,9,10,3,195,0
9969,9,10,3,210,0
9970,9,10,3,225,0
9971,9,10,3,240,0
9972,9,10,3,255,0
9973,9,10,3,270,0
9974,9,10,3,285,0
9975,9,10,3,300,0
9976,9,10,3,315,0
9977,9,10,3,330,0
9978,9,10,3,345,0
9979,9,10,3,360,0
9980,9,10,3,375,0
9981,9,10,3,390,0
9982,9,10,3,405,0
9983,9,10,3,420,0
9984,9,10,3,435,0
9985,9,10,3,450,0
9986,9,10,3,465,0
9987,9,10,3,480,0
9988,9,10,3,495,0
9989,9,10,3,510,0
9990,9,11,1,0,0
9991,9,11,1,15,0
9992,9,11,1,30,0
9993,9,11,1,45,0
9994,9,11,1,60,0
9995,9,11,1,75,0
9996,9,11,1,90,0
9997,9,11,1,105,0
9998,9,11,1,120,0
9999,9,11,1,135,0
10000,9,11,1,150,0
10001,9,11,1,165,0
10002,9,11,1,180,0
10003,9,11,1,195,0
10004,9,11,1,210,0
10005,9,11,1,225,0
10006,9,11,1,240,0
10007,9,11,1,255,0
10008,9,11,1,270,0
10009,9,11,1,285,0
10010,9,11,1,300,0
10011,9,11,1,315,0
10012,9,11,1,330,0
10013,9,11,1,345,0
10014,9,11,1,360,0
10015,9,11,1,375,0
10016,9,11,1,390,0
10017,9,11,1,405,0
10018,9,11,1,420,0
10019,9,11,1,435,0
10020,9,11,1,450,0
10021,9,11,1,465,0
10022,9,11,1,480,0
10023,9,11,1,495,0
10024,9,11,1,510,0
10025,9,11,1,525,0
10026,9,11,1,540,0
10027,9,11,1,555,0
10028,9,11,1,570,0
10029,9,11,1,585,0
10030,9,11,1,600,0
10031,9,11,1,615,0
10032,9,11,1,630,0
10033,9,11,1,645,0
10034,9,11,1,660,0
10035,9,11,1,675,0
10036,9,11,1,690,0
10037,9,11,1,705,0
10038,9,11,1,720,0
10039,9,11,1,735,0
10040,9,11,1,750,0
10041,9,11,1,765,0
10042,9,11,1,780,0
10043,9,11,1,795,0
10044,9,11,1,810,0
10045,9,11,1,825,0
10046,9,11,1,840,0
10047,9,11,1,855,0
10048,9,11,1,870,0
10049,9,11,1,885,0
10050,9,11,1,900,0
10051,9,11,1,915,0
10052,9,11,1,930,0
10053,9,11,1,945,0
10054,9,11,1,960,0
10055,9,11,1,975,0
10056,9,11,1,990,0
10057,9,11,1,1005,0
10058,9,11,1,1020,0
10059,9,11,1,1035,0
10060,9,11,1,1050,0
10061,9,11,2,0,0
10062,9,11,2,15,0
10063,9,11,2,30,0
10064,9,11,2,45,0
10065,9,11,2,60,0
10066,9,11,2,75,0
10067,9,11,2,90,0
10068,9,11,2,105,0
10069,9,11,2,120,0
10070,9,11,2,135,0
10071,9,11,2,150,0
10072,9,11,2,165,0
10073,9,11,2,180,0
10074,9,11,2,195,0
10075,9,11,2,210,0
10076,9,11,2,225,0
10077,9,11,2,240,0
10078,9,11,2,255,0
10079,9,11,2,270,0
10080,9,11,2,285,0
10081,9,11,2,300,0
10082,9,11,2,315,0
10083,9,11,2,330,0
10084,9,11,2,345,0
10085,9,11,2,360,0
10086,9,11,2,375,0
10087,9,11,2,390,0
10088,9,11,2,405,0
10089,9,11,2,420,0
10090,9,11,2,435,0
10091,9,11,2,450,0
10092,9,11,2,465,0
10093,9,11,2,480,0
10094,9,11,2,495,0
10095,9,11,2,510,0
10096,9,11,2,525,0
10097,9,11,2,540,0
10098,9,11,2,555,0
10099,9,11,2,570,0
10100,9,11,2,585,0
10101,9,11,2,600,0
10102,9,11,2,615,0
10103,9,11,2,630,0
10104,9,11,2,645,0
10105,9,11,2,660,0
10106,9,11,2,675,0
10107,9,11,2,690,0
10108,9,11,2,705,0
10109,9,11,2,720,0
10110,9,11,2,735,0
10111,9,11,2,750,0
10112,9,11,2,765,0
10113,9,11,2,780,0
10114,9,11,2,795,0
10115,9,11,2,810,0
10116,9,11,2,825,0
10117,9,11,2,840,0
10118,9,11,2,855,0
10119,9,11,2,870,0
10120,9,11,2,885,0
10121,9,11,2,900,0
10122,9,11,2,915,0
10123,9,11,2,930,0
10124,9,11,2,945,0
10125,9,11,2,960,0
10126,9,11,2,975,0
10127,9,11,2,990,0
10128,9,11,2,1005,0
10129,9,11,2,1020,0
10130,9,11,2,1035,0
10131,9,11,2,1050,0
10132,9,11,2,1065,0
10133,9,11,3,0,0
10134,9,11,3,15,0
10135,9,11,3,30,0
10136,9,11,3,45,0
10137,9,11,3,60,0
10138,9,11,3,75,0
10139,9,11,3,90,0
10140,9,11,3,105,0
10141,9,11,3,120,0
10142,9,11,3,135,0
10143,9,11,3,150,0
10144,9,11,3,165,0
10145,9,11,3,180,0
10146,9,11,3,195,0
10147,9,11,3,210,0
10148,9,11,3,225,0
10149,9,11,3,240,0
10150,9,11,3,255,0
10151,9,11,3,270,0
10152,9,11,3,285,0
10153,9,11,3,300,0
10154,9,11,3,315,0
10155,9,11,3,330,0
10156,9,11,3,345,0
10157,9,11,3,360,0
10158,9,11,3,375,0
10159,9,11,3,390,0
10160,9,11,3,405,0
10161,9,11,3,420,0
10162,9,11,3,435,0
10163,9,11,3,450,0
10164,9,11,3,465,0
10165,9,11,3,480,0
10166,9,11,3,495,0
10167,9,11,3,510,0
10168,9,11,3,525,0
10169,9,11,3,540,0
10170,9,11,3,555,0
10171,9,11,3,570,0
10172,9,11,3,585,0
10173,9,11,3,600,0
10174,9,11,3,615,0
10175,9,11,3,630,0
10176,9,11,3,645,0
10177,9,11,3,660,0
10178,9,11,3,675,0
10179,9,11,3,690,0
10180,9,11,3,705,0
10181,9,11,3,720,0
10182,9,11,3,735,0
10183,9,11,3,750,0
10184,9,11,3,765,0
10185,9,11,3,780,0
10186,9,11,3,795,0
10187,9,11,3,810,0
10188,9,11,3,825,0
10189,9,11,3,840,0
10190,9,11,3,855,0
10191,9,11,3,870,0
10192,9,11,3,885,0
10193,9,11,3,900,0
10194,9,11,3,915,0
10195,9,11,3,930,0
10196,9,11,3,945,0
10197,9,11,3,960,0
10198,9,11,3,975,0
10199,9,11,3,990,0
10200,9,11,3,1005,0
10201,9,11,3,1020,0
10202,9,11,3,1035,0
10203,9,11,3,1050,0
10204,9,11,3,1065,0
10205,9,11,3,1080,0
10206,9,2,1,0,1
10207,9,2,1,15,1
10208,9,2,1,30,1
10209,9,2,1,45,1
10210,9,2,1,60,1
10211,9,2,1,75,1
10212,9,2,1,90,1
10213,9,2,1,105,1
10214,9,2,1,120,1
10215,9,2,1,135,1
10216,9,2,2,0,1
10217,9,2,2,15,1
10218,9,2,2,30,1
10219,9,2,2,45,1
10220,9,2,2,60,1
10221,9,2,2,75,1
10222,9,2,2,90,1
10223,9,2,2,105,1
10224,9,2,2,120,1
10225,9,2,2,135,1
10226,9,2,3,0,1
10227,9,2,3,15,1
10228,9,2,3,30,1
10229,9,2,3,45,1
10230,9,2,3,60,1
10231,9,2,3,75,1
10232,9,2,3,90,1
10233,9,2,3,105,1
10234,9,2,3,120,1
10235,9,2,3,135,1
10236,9,2,3,150,1
10237,9,3,1,0,1
10238,9,3,1,15,1
10239,9,3,1,30,1
10240,9,3,1,45,1
10241,9,3,1,60,1
10242,9,3,1,75,1
10243,9,3,1,90,1
10244,9,3,1,105,1
10245,9,3,1,120,1
10246,9,3,1,135,1
10247,9,3,2,0,1
10248,9,3,2,15,1
10249,9,3,2,30,1
10250,9,3,2,45,1
10251,9,3,2,60,1
10252,9,3,2,75,1
10253,9,3,2,90,1
10254,9,3,2,105,1
10255,9,3,2,120,1
10256,9,3,2,135,1
10257,9,3,3,0,1
10258,9,3,3,15,1
10259,9,3,3,30,1
10260,9,3,3,45,1
10261,9,3,3,60,1
10262,9,3,3,75,1
10263,9,3,3,90,1
10264,9,3,3,105,1
10265,9,3,3,120,1
10266,9,3,3,135,1
10267,9,3,3,150,1
10268,9,4,1,0,1
10269,9,4,1,15,1
10270,9,4,1,30,1
10271,9,4,1,45,1
10272,9,4,1,60,1
10273,9,4,1,75,1
10274,9,4,1,90,1
10275,9,4,1,105,1
10276,9,4,1,120,1
10277,9,4,1,135,1
10278,9,4,2,0,1
10279,9,4,2,15,1
10280,9,4,2,30,1
10281,9,4,2,45,1
10282,9,4,2,60,1
10283,9,4,2,75,1
10284,9,4,2,90,1
10285,9,4,2,105,1
10286,9,4,2,120,1
10287,9,4,2,135,1
10288,9,4,3,0,1
10289,9,4,3,15,1
10290,9,4,3,30,1
10291,9,4,3,45,1
10292,9,4,3,60,1
10293,9,4,3,75,1
10294,9,4,3,90,1
10295,9,4,3,105,1
10296,9,4,3,120,1
10297,9,4,3,135,1
10298,9,5,1,0,1
10299,9,5,1,15,1
10300,9,5,1,30,1
10301,9,5,1,45,1
10302,9,5,1,60,1
10303,9,5,1,75,1
10304,9,5,1,90,1
10305,9,5,1,105,1
10306,9,5,1,120,1
10307,9,5,1,135,1
10308,9,5,2,0,1
10309,9,5,2,15,1
10310,9,5,2,30,1
10311,9,5,2,45,1
10312,9,5,2,60,1
10313,9,5,2,75,1
10314,9,5,2,90,1
10315,9,5,2,105,1
10316,9,5,2,120,1
10317,9,5,2,135,1
10318,9,5,3,0,1
10319,9,5,3,15,1
10320,9,5,3,30,1
10321,9,5,3,45,1
10322,9,5,3,60,1
10323,9,5,3,75,1
10324,9,5,3,90,1
10325,9,5,3,105,1
10326,9,5,3,120,1
10327,9,5,3,135,1
10328,9,5,3,150,1
10329,9,6,1,0,0
10330,9,6,1,15,0
10331,9,6,1,30,0
10332,9,6,1,45,0
10333,9,6,1,60,0
10334,9,6,1,75,0
10335,9,6,1,90,0
10336,9,6,1,105,0
10337,9,6,1,120,0
10338,9,6,1,135,0
10339,9,6,1,150,0
10340,9,6,1,165,0
10341,9,6,1,180,0
10342,9,6,1,195,0
10343,9,6,1,210,0
10344,9,6,1,225,0
10345,9,6,1,240,0
10346,9,6,1,255,0
10347,9,6,1,270,0
10348,9,6,1,285,0
10349,9,6,1,300,0
10350,9,6,1,315,0
10351,9,6,1,330,0
10352,9,6,1,345,0
10353,9,6,1,360,0
10354,9,6,1,375,0
10355,9,6,1,390,0
10356,9,6,1,405,0
10357,9,6,1,420,0
10358,9,6,1,435,0
10359,9,6,1,450,0
10360,9,6,1,465,0
10361,9,6,1,480,0
10362,9,6,1,495,0
10363,9,6,1,510,0
10364,9,6,1,525,0
10365,9,6,1,540,0
10366,9,6,1,555,0
10367,9,6,1,570,0
10368,9,6,1,585,0
10369,9,6,1,600,0
10370,9,6,1,615,0
10371,9,6,1,630,0
10372,9,6,1,645,0
10373,9,6,1,660,0
10374,9,6,1,675,0
10375,9,6,1,690,0
10376,9,6,1,705,0
10377,9,6,1,720,0
10378,9,6,1,735,0
10379,9,6,1,750,0
10380,9,6,1,765,0
10381,9,6,1,780,0
10382,9,6,1,795,0
10383,9,6,1,810,0
10384,9,6,1,825,0
10385,9,6,1,840,0
10386,9,6,1,855,0
10387,9,6,1,870,0
10388,9,6,1,885,0
10389,9,6,1,900,0
10390,9,6,1,915,0
10391,9,6,1,930,0
10392,9,6,1,945,0
10393,9,6,1,960,0
10394,9,6,1,975,0
10395,9,6,1,990,0
10396,9,6,1,1005,0
10397,9,6,1,1020,0
10398,9,6,1,1035,0
10399,9,6,2,0,0
10400,9,6,2,15,0
10401,9,6,2,30,0
10402,9,6,2,45,0
10403,9,6,2,60,0
10404,9,6,2,75,0
10405,9,6,2,90,0
10406,9,6,2,105,0
10407,9,6,2,120,0
10408,9,6,2,135,0
10409,9,6,2,150,0
10410,9,6,2,165,0
10411,9,6,2,180,0
10412,9,6,2,195,0
10413,9,6,2,210,0
10414,9,6,2,225,0
10415,9,6,2,240,0
10416,9,6,2,255,0
10417,9,6,2,270,0
10418,9,6,2,285,0
10419,9,6,2,300,0
10420,9,6,2,315,0
10421,9,6,2,330,0
10422,9,6,2,345,0
10423,9,6,2,360,0
10424,9,6,2,375,0
10425,9,6,2,390,0
10426,9,6,2,405,0
10427,9,6,2,420,0
10428,9,6,2,435,0
10429,9,6,2,450,0
10430,9,6,2,465,0
10431,9,6,2,480,0
10432,9,6,2,495,0
10433,9,6,2,510,0
10434,9,6,2,525,0
10435,9,6,2,540,0
10436,9,6,2,555,0
10437,9,6,2,570,0
10438,9,6,2,585,0
10439,9,6,2,600,0
10440,9,6,2,615,0
10441,9,6,2,630,0
10442,9,6,2,645,0
10443,9,6,2,660,0
10444,9,6,2,675,0
10445,9,6,2,690,0
10446,9,6,2,705,0
10447,9,6,2,720,0
10448,9,6,2,735,0
10449,9,6,2,750,0
10450,9,6,2,765,0
10451,9,6,2,780,0
10452,9,6,2,795,0
10453,9,6,2,810,0
10454,9,6,2,825,0
10455,9,6,2,840,0
10456,9,6,2,855,0
10457,9,6,2,870,0
10458,9,6,2,885,0
10459,9,6,2,900,0
10460,9,6,2,915,0
10461,9,6,2,930,0
10462,9,6,2,945,0
10463,9,6,2,960,0
10464,9,6,2,975,0
10465,9,6,2,990,0
10466,9,6,2,1005,0
10467,9,6,2,1020,0
10468,9,6,2,1035,0
10469,9,6,2,1050,0
10470,9,6,3,0,0
10471,9,6,3,15,0
10472,9,6,3,30,0
10473,9,6,3,45,0
10474,9,6,3,60,0
10475,9,6,3,75,0
10476,9,6,3,90,0
10477,9,6,3,105,0
10478,9,6,3,120,0
10479,9,6,3,135,0
10480,9,6,3,150,0
10481,9,6,3,165,0
10482,9,6,3,180,0
10483,9,6,3,195,0
10484,9,6,3,210,0
10485,9,6,3,225,0
10486,9,6,3,240,0
10487,9,6,3,255,0
10488,9,6,3,270,0
10489,9,6,3,285,0
10490,9,6,3,300,0
10491,9,6,3,315,0
10492,9,6,3,330,0
10493,9,6,3,345,0
10494,9,6,3,360,0
10495,9,6,3,375,0
10496,9,6,3,390,0
10497,9,6,3,405,0
10498,9,6,3,420,0
10499,9,6,3,435,0
10500,9,6,3,450,0
10501,9,6,3,465,0
10502,9,6,3,480,0
10503,9,6,3,495,0
10504,9,6,3,510,0
10505,9,6,3,525,0
10506,9,6,3,540,0
10507,9,6,3,555,0
10508,9,6,3,570,0
10509,9,6,3,585,0
10510,9,6,3,600,0
10511,9,6,3,615,0
10512,9,6,3,630,0
10513,9,6,3,645,0
10514,9,6,3,660,0
10515,9,6,3,675,0
10516,9,6,3,690,0
10517,9,6,3,705,0
10518,9,6,3,720,0
10519,9,6,3,735,0
10520,9,6,3,750,0
10521,9,6,3,765,0
10522,9,6,3,780,0
10523,9,6,3,795,0
10524,9,6,3,810,0
10525,9,6,3,825,0
10526,9,6,3,840,0
10527,9,6,3,855,0
10528,9,6,3,870,0
10529,9,6,3,885,0
10530,9,6,3,900,0
10531,9,6,3,915,0
10532,9,6,3,930,0
10533,9,6,3,945,0
10534,9,6,3,960,0
10535,9,6,3,975,0
10536,9,6,3,990,0
10537,9,6,3,1005,0
10538,9,6,3,1020,0
10539,9,7,1,0,0
10540,9,7,1,15,0
10541,9,7,1,30,0
10542,9,7,1,45,0
10543,9,7,1,60,0
10544,9,7,1,75,0
10545,9,7,1,90,0
10546,9,7,1,105,0
10547,9,7,1,120,0
10548,9,7,1,135,0
10549,9,7,1,150,0
10550,9,7,1,165,0
10551,9,7,1,180,0
10552,9,7,1,195,0
10553,9,7,1,210,0
10554,9,7,1,225,0
10555,9,7,1,240,0
10556,9,7,1,255,0
10557,9,7,1,270,0
10558,9,7,1,285,0
10559,9,7,1,300,0
10560,9,7,1,315,0
10561,9,7,1,330,0
10562,9,7,1,345,0
10563,9,7,1,360,0
10564,9,7,1,375,0
10565,9,7,1,390,0
10566,9,7,1,405,0
10567,9,7,1,420,0
10568,9,7,1,435,0
10569,9,7,1,450,0
10570,9,7,1,465,0
10571,9,7,1,480,0
10572,9,7,1,495,0
10573,9,7,1,510,0
10574,9,7,1,525,0
10575,9,7,1,540,0
10576,9,7,1,555,0
10577,9,7,1,570,0
10578,9,7,1,585,0
10579,9,7,1,600,0
10580,9,7,1,615,0
10581,9,7,1,630,0
10582,9,7,1,645,0
10583,9,7,1,660,0
10584,9,7,1,675,0
10585,9,7,1,690,0
10586,9,7,1,705,0
10587,9,7,1,720,0
10588,9,7,1,735,0
10589,9,7,1,750,0
10590,9,7,1,765,0
10591,9,7,1,780,0
10592,9,7,1,795,0
10593,9,7,1,810,0
10594,9,7,1,825,0
10595,9,7,1,840,0
10596,9,7,1,855,0
10597,9,7,1,870,0
10598,9,7,1,885,0
10599,9,7,1,900,0
10600,9,7,1,915,0
10601,9,7,1,930,0
10602,9,7,1,945,0
10603,9,7,1,960,0
10604,9,7,1,975,0
10605,9,7,1,990,0
10606,9,7,1,1005,0
10607,9,7,1,1020,0
10608,9,7,1,1035,0
10609,9,7,1,1050,0
10610,9,7,2,0,0
10611,9,7,2,15,0
10612,9,7,2,30,0
10613,9,7,2,45,0
10614,9,7,2,60,0
10615,9,7,2,75,0
10616,9,7,2,90,0
10617,9,7,2,105,0
10618,9,7,2,120,0
10619,9,7,2,135,0
10620,9,7,2,150,0
10621,9,7,2,165,0
10622,9,7,2,180,0
10623,9,7,2,195,0
10624,9,7,2,210,0
10625,9,7,2,225,0
10626,9,7,2,240,0
10627,9,7,2,255,0
10628,9,7,2,270,0
10629,9,7,2,285,0
10630,9,7,2,300,0
10631,9,7,2,315,0
10632,9,7,2,330,0
10633,9,7,2,345,0
10634,9,7,2,360,0
10635,9,7,2,375,0
10636,9,7,2,390,0
10637,9,7,2,405,0
10638,9,7,2,420,0
10639,9,7,2,435,0
10640,9,7,2,450,0
10641,9,7,2,465,0
10642,9,7,2,480,0
10643,9,7,2,495,0
10644,9,7,2,510,0
10645,9,7,2,525,0
10646,9,7,2,540,0
10647,9,7,2,555,0
10648,9,7,2,570,0
10649,9,7,2,585,0
10650,9,7,2,600,0
10651,9,7,2,615,0
10652,9,7,2,630,0
10653,9,7,2,645,0
10654,9,7,2,660,0
10655,9,7,2,675,0
10656,9,7,2,690,0
10657,9,7,2,705,0
10658,9,7,2,720,0
10659,9,7,2,735,0
10660,9,7,2,750,0
10661,9,7,2,765,0
10662,9,7,2,780,0
10663,9,7,2,795,0
10664,9,7,2,810,0
10665,9,7,2,825,0
10666,9,7,2,840,0
10667,9,7,2,855,0
10668,9,7,2,870,0
10669,9,7,2,885,0
10670,9,7,2,900,0
10671,9,7,2,915,0
10672,9,7,2,930,0
10673,9,7,2,945,0
10674,9,7,2,960,0
10675,9,7,2,975,0
10676,9,7,2,990,0
10677,9,7,2,1005,0
10678,9,7,2,1020,0
10679,9,7,2,1035,0
10680,9,7,3,0,0
10681,9,7,3,15,0
10682,9,7,3,30,0
10683,9,7,3,45,0
10684,9,7,3,60,0
10685,9,7,3,75,0
10686,9,7,3,90,0
10687,9,7,3,105,0
10688,9,7,3,120,0
10689,9,7,3,135,0
10690,9,7,3,150,0
10691,9,7,3,165,0
10692,9,7,3,180,0
10693,9,7,3,195,0
10694,9,7,3,210,0
10695,9,7,3,225,0
10696,9,7,3,240,0
10697,9,7,3,255,0
10698,9,7,3,270,0
10699,9,7,3,285,0
10700,9,7,3,300,0
10701,9,7,3,315,0
10702,9,7,3,330,0
10703,9,7,3,345,0
10704,9,7,3,360,0
10705,9,7,3,375,0
10706,9,7,3,390,0
10707,9,7,3,405,0
10708,9,7,3,420,0
10709,9,7,3,435,0
10710,9,7,3,450,0
10711,9,7,3,465,0
10712,9,7,3,480,0
10713,9,7,3,495,0
10714,9,7,3,510,0
10715,9,7,3,525,0
10716,9,7,3,540,0
10717,9,7,3,555,0
10718,9,7,3,570,0
10719,9,7,3,585,0
10720,9,7,3,600,0
10721,9,7,3,615,0
10722,9,7,3,630,0
10723,9,7,3,645,0
10724,9,7,3,660,0
10725,9,7,3,675,0
10726,9,7,3,690,0
10727,9,7,3,705,0
10728,9,7,3,720,0
10729,9,7,3,735,0
10730,9,7,3,750,0
10731,9,7,3,765,0
10732,9,7,3,780,0
10733,9,7,3,795,0
10734,9,7,3,810,0
10735,9,7,3,825,0
10736,9,7,3,840,0
10737,9,7,3,855,0
10738,9,7,3,870,0
10739,9,7,3,885,0
10740,9,7,3,900,0
10741,9,7,3,915,0
10742,9,7,3,930,0
10743,9,7,3,945,0
10744,9,7,3,960,0
10745,9,7,3,975,0
10746,9,7,3,990,0
10747,9,7,3,1005,0
10748,9,8,1,0,0
10749,9,8,1,15,0
10750,9,8,1,30,0
10751,9,8,1,45,0
10752,9,8,1,60,0
10753,9,8,1,75,0
10754,9,8,1,90,0
10755,9,8,1,105,0
10756,9,8,1,120,0
10757,9,8,1,135,0
10758,9,8,1,150,0
10759,9,8,1,165,0
10760,9,8,1,180,0
10761,9,8,1,195,0
10762,9,8,1,210,0
10763,9,8,1,225,0
10764,9,8,1,240,0
10765,9,8,1,255,0
10766,9,8,1,270,0
10767,9,8,1,285,0
10768,9,8,1,300,0
10769,9,8,1,315,0
10770,9,8,1,330,0
10771,9,8,1,345,0
10772,9,8,1,360,0
10773,9,8,1,375,0
10774,9,8,1,390,0
10775,9,8,1,405,0
10776,9,8,1,420,0
10777,9,8,1,435,0
10778,9,8,1,450,0
10779,9,8,1,465,0
10780,9,8,1,480,0
10781,9,8,1,495,0
10782,9,8,1,510,0
10783,9,8,1,525,0
10784,9,8,1,540,0
10785,9,8,1,555,0
10786,9,8,1,570,0
10787,9,8,1,585,0
10788,9,8,1,600,0
10789,9,8,1,615,0
10790,9,8,1,630,0
10791,9,8,1,645,0
10792,9,8,1,660,0
10793,9,8,1,675,0
10794,9,8,1,690,0
10795,9,8,1,705,0
10796,9,8,1,720,0
10797,9,8,1,735,0
10798,9,8,1,750,0
10799,9,8,1,765,0
10800,9,8,1,780,0
10801,9,8,1,795,0
10802,9,8,1,810,0
10803,9,8,1,825,0
10804,9,8,1,840,0
10805,9,8,1,855,0
10806,9,8,1,870,0
10807,9,8,1,885,0
10808,9,8,1,900,0
10809,9,8,1,915,0
10810,9,8,1,930,0
10811,9,8,1,945,0
10812,9,8,1,960,0
10813,9,8,1,975,0
10814,9,8,1,990,0
10815,9,8,1,1005,0
10816,9,8,1,1020,0
10817,9,8,1,1035,0
10818,9,8,2,0,0
10819,9,8,2,15,0
10820,9,8,2,30,0
10821,9,8,2,45,0
10822,9,8,2,60,0
10823,9,8,2,75,0
10824,9,8,2,90,0
10825,9,8,2,105,0
10826,9,8,2,120,0
10827,9,8,2,135,0
10828,9,8,2,150,0
10829,9,8,2,165,0
10830,9,8,2,180,0
10831,9,8,2,195,0
10832,9,8,2,210,0
10833,9,8,2,225,0
10834,9,8,2,240,0
10835,9,8,2,255,0
10836,9,8,2,270,0
10837,9,8,2,285,0
10838,9,8,2,300,0
10839,9,8,2,315,0
10840,9,8,2,330,0
10841,9,8,2,345,0
10842,9,8,2,360,0
10843,9,8,2,375,0
10844,9,8,2,390,0
10845,9,8,2,405,0
10846,9,8,2,420,0
10847,9,8,2,435,0
10848,9,8,2,450,0
10849,9,8,2,465,0
10850,9,8,2,480,0
10851,9,8,2,495,0
10852,9,8,2,510,0
10853,9,8,2,525,0
10854,9,8,2,540,0
10855,9,8,2,555,0
10856,9,8,2,570,0
10857,9,8,2,585,0
10858,9,8,2,600,0
10859,9,8,2,615,0
10860,9,8,2,630,0
10861,9,8,2,645,0
10862,9,8,2,660,0
10863,9,8,2,675,0
10864,9,8,2,690,0
10865,9,8,2,705,0
10866,9,8,2,720,0
10867,9,8,2,735,0
10868,9,8,2,750,0
10869,9,8,2,765,0
10870,9,8,2,780,0
10871,9,8,2,795,0
10872,9,8,2,810,0
10873,9,8,2,825,0
10874,9,8,2,840,0
10875,9,8,2,855,0
10876,9,8,2,870,0
10877,9,8,2,885,0
10878,9,8,2,900,0
10879,9,8,2,915,0
10880,9,8,2,930,0
10881,9,8,2,945,0
10882,9,8,2,960,0
10883,9,8,2,975,0
10884,9,8,2,990,0
10885,9,8,2,1005,0
10886,9,8,2,1020,0
10887,9,8,2,1035,0
10888,9,8,2,1050,0
10889,9,8,2,1065,0
10890,9,8,3,0,0
10891,9,8,3,15,0
10892,9,8,3,30,0
10893,9,8,3,45,0
10894,9,8,3,60,0
10895,9,8,3,75,0
10896,9,8,3,90,0
10897,9,8,3,105,0
10898,9,8,3,120,0
10899,9,8,3,135,0
10900,9,8,3,150,0
10901,9,8,3,165,0
10902,9,8,3,180,0
10903,9,8,3,195,0
10904,9,8,3,210,0
10905,9,8,3,225,0
10906,9,8,3,240,0
10907,9,8,3,255,0
10908,9,8,3,270,0
10909,9,8,3,285,0
10910,9,8,3,300,0
10911,9,8,3,315,0
10912,9,8,3,330,0
10913,9,8,3,345,0
10914,9,8,3,360,0
10915,9,8,3,375,0
10916,9,8,3,390,0
10917,9,8,3,405,0
10918,9,8,3,420,0
10919,9,8,3,435,0
10920,9,8,3,450,0
10921,9,8,3,465,0
10922,9,8,3,480,0
10923,9,8,3,495,0
10924,9,8,3,510,0
10925,9,8,3,525,0
10926,9,8,3,540,0
10927,9,8,3,555,0
10928,9,8,3,570,0
10929,9,8,3,585,0
10930,9,8,3,600,0
10931,9,8,3,615,0
10932,9,8,3,630,0
10933,9,8,3,645,0
10934,9,8,3,660,0
10935,9,8,3,675,0
10936,9,8,3,690,0
10937,9,8,3,705,0
10938,9,8,3,720,0
10939,9,8,3,735,0
10940,9,8,3,750,0
10941,9,8,3,765,0
10942,9,8,3,780,0
10943,9,8,3,795,0
10944,9,8,3,810,0
10945,9,8,3,825,0
10946,9,8,3,840,0
10947,9,8,3,855,0
10948,9,8,3,870,0
10949,9,8,3,885,0
10950,9,8,3,900,0
10951,9,8,3,915,0
10952,9,8,3,930,0
10953,9,8,3,945,0
10954,9,8,3,960,0
10955,9,8,3,975,0
10956,9,8,3,990,0
10957,9,8,3,1005,0
10958,9,8,3,1020,0
10959,9,8,3,1035,0
10960,9,9,1,0,0
10961,9,9,1,15,0
10962,9,9,1,30,0
10963,9,9,1,45,0
10964,9,9,1,60,0
10965,9,9,1,75,0
10966,9,9,1,90,0
10967,9,9,1,105,0
10968,9,9,1,120,0
10969,9,9,1,135,0
10970,9,9,1,150,0
10971,9,9,2,0,0
10972,9,9,2,15,0
10973,9,9,2,30,0
10974,9,9,2,45,0
10975,9,9,2,60,0
10976,9,9,2,75,0
10977,9,9,2,90,0
10978,9,9,2,105,0
10979,9,9,2,120,0
10980,9,9,2,135,0
10981,9,9,2,150,0
10982,9,9,3,0,0
10983,9,9,3,15,0
10984,9,9,3,30,0
10985,9,9,3,45,0
10986,9,9,3,60,0
10987,9,9,3,75,0
10988,9,9,3,90,0
10989,9,9,3,105,0
10990,9,9,3,120,0
10991,9,9,3,135,0
